"estado";"cidade";"bairro";"cep";"logradouro";"latitude";"longitude";"altitude";"ddd";"cod_IBGE"
NA;NA;NA;NA;NA;NA;NA;NA;NA;NA
"RJ";"Rio de Janeiro";"Centro";"20031120";"Rua das Marrecas";-22,9124101;-43,1778978;22;21;"3304557"
"RJ";"Rio de Janeiro";"Centro";"20031205";"Rua Senador Dantas";-22,9070828;-43,1819148;15,3;21;"3304557"
"RJ";"Rio de Janeiro";"Centro";"20231016";"Rua Ubaldino do Amaral";-22,9114105;-43,1867747;21,9;21;"3304557"
"RJ";"Rio de Janeiro";"Centro";"20231092";"Rua do Resende";-22,9070828;-43,1819148;15,3;21;"3304557"
"RJ";"Rio de Janeiro";"Centro";"20231110";"Rua da Relação";-22,9104439;-43,1840003;15;21;"3304557"
"RJ";"Rio de Janeiro";"Santa Teresa";"20240210";"Rua Áurea";-22,9222322;-43,1888146;99,4;21;"3304557"
"RJ";"Rio de Janeiro";"Rio Comprido";"20250450";"Rua Aristides Lobo";-22,9205767;-43,2086654;20,8;21;"3304557"
"RJ";"Rio de Janeiro";"Praça da Bandeira";"20260050";"Rua Barão de Ubá";-22,9149226;-43,2110968;15,9;21;"3304557"
"RJ";"Rio de Janeiro";"Tijuca";"20260230";"Rua Araújo Pena";-22,9234675;-43,2190992;29,2;21;"3304557"
"RJ";"Rio de Janeiro";"Rio Comprido";"20261066";"Rua do Bispo";-22,92401;-43,2125927;28,3;21;"3304557"
"RJ";"Rio de Janeiro";"Praça da Bandeira";"20270001";"Rua Mariz e Barros";-22,913142;-43,2169577;11,3;21;"3304557"
"RJ";"Rio de Janeiro";"Maracanã";"20270002";"Rua Mariz e Barros";-22,9127036;-43,2261662;12;21;"3304557"
"RJ";"Rio de Janeiro";"Maracanã";"20270020";"Rua Senador Furtado";-22,9117742;-43,2186339;12,3;21;"3304557"
"RJ";"Rio de Janeiro";"Maracanã";"20270021";"Rua Senador Furtado";-22,9117742;-43,2186339;12,3;21;"3304557"
"RJ";"Rio de Janeiro";"Maracanã";"20270040";"Rua Lúcio de Mendonça";-22,9161055;-43,2237009;17,1;21;"3304557"
"RJ";"Rio de Janeiro";"Praça da Bandeira";"20270132";"Rua do Matoso";-22,9115893;-43,2141267;15,2;21;"3304557"
NA;NA;NA;NA;NA;NA;NA;NA;NA;NA
"RJ";"Rio de Janeiro";"Tijuca";"20270230";"Rua Doutor Satamini";-22,9325728;-43,2410248;33,7;21;"3304557"
"RJ";"Rio de Janeiro";"Maracanã";"20271021";"Rua Ibituruna";-22,9130433;-43,2205968;13,4;21;"3304557"
"RJ";"Rio de Janeiro";"Tijuca";"20271060";"Rua Professor Gabizo";-22,9325728;-43,2410248;33,7;21;"3304557"
"RJ";"Rio de Janeiro";"Maracanã";"20271065";"Rua Professor Gabizo";-22,9127036;-43,2261662;12;21;"3304557"
"RJ";"Rio de Janeiro";"Maracanã";"20271100";"Rua Isidro de Figueiredo";-22,9146183;-43,2314664;18,3;21;"3304557"
"RJ";"Rio de Janeiro";"Maracanã";"20271120";"Avenida Paula Sousa";-22,9138742;-43,2270743;15,2;21;"3304557"
NA;NA;NA;NA;NA;NA;NA;NA;NA;NA
"RJ";"Rio de Janeiro";"Tijuca";"20510060";"Rua Uruguai";-22,9338086635;-43,2402547974;33,7;21;"3304557"
NA;NA;NA;NA;NA;NA;NA;NA;NA;NA
"RJ";"Rio de Janeiro";"Tijuca";"20510100";"Rua Carvalho Alvim";-22,9325728;-43,2410248;33,7;21;"3304557"
"RJ";"Rio de Janeiro";"Tijuca";"20510130";"Rua Maria Amália";-22,9286416;-43,2439914;31,8;21;"3304557"
"RJ";"Rio de Janeiro";"Tijuca";"20510180";"Rua Homem de Melo";-22,9337478;-43,2379558;43,3;21;"3304557"
"RJ";"Rio de Janeiro";"Tijuca";"20511000";"Avenida Maracanã";-22,9232756;-43,2359687;26,1;21;"3304557"
"RJ";"Rio de Janeiro";"Tijuca";"20511190";"Rua Antônio Basílio";-22,9269221;-43,2378235;29,4;21;"3304557"
"RJ";"Rio de Janeiro";"Tijuca";"20511200";"Rua Conde de Itaguaí";-22,9273954;-43,2369517;28,9;21;"3304557"
"RJ";"Rio de Janeiro";"Tijuca";"20511210";"Rua Carlos de Laet";-22,9264925;-43,2362284;29,3;21;"3304557"
"RJ";"Rio de Janeiro";"Tijuca";"20511290";"Rua Palmira Gonçalves Maia";-22,9333213;-43,242236;31,3;21;"3304557"
"RJ";"Rio de Janeiro";"Tijuca";"20520040";"Rua Rego Lópes";-22,9251816;-43,223482;32,2;21;"3304557"
"RJ";"Rio de Janeiro";"Tijuca";"20520050";"Rua Conde de Bonfim";-22,9325728;-43,2410248;33,7;21;"3304557"
"RJ";"Rio de Janeiro";"Tijuca";"20520055";"Rua Conde de Bonfim";-22,928769;-43,2368052;32,2;21;"3304557"
NA;NA;NA;NA;NA;NA;NA;NA;NA;NA
NA;NA;NA;NA;NA;NA;NA;NA;NA;NA
"RJ";"Rio de Janeiro";"Tijuca";"20521000";"Rua dos Araujos";-22,9263918;-43,2267016;30,8;21;"3304557"
"RJ";"Rio de Janeiro";"Tijuca";"20521060";"Rua Bom Pastor";-22,9294284;-43,23175;31,7;21;"3304557"
"RJ";"Rio de Janeiro";"Tijuca";"20521170";"Rua Barão de Pirassinunga";-22,9277355;-43,2319062;29,2;21;"3304557"
"RJ";"Rio de Janeiro";"Tijuca";"20521180";"Rua Guapiara";-22,9266113;-43,2318629;26,8;21;"3304557"
"RJ";"Rio de Janeiro";"Tijuca";"20521250";"Rua Sabóia Lima";-22,9343204;-43,234588;78,8;21;"3304557"
"RJ";"Rio de Janeiro";"Tijuca";"20521290";"Rua Ângelo Agostini";-22,9315906;-43,2332807;56,7;21;"3304557"
"RJ";"Rio de Janeiro";"Tijuca";"20530290";"Rua Embaixador Ramon Carcano";-22,9394705;-43,2496812;45,1;21;"3304557"
"RJ";"Rio de Janeiro";"Tijuca";"20530420";"Rua São Miguel";-22,9395043;-43,2515467;54,9;21;"3304557"
"RJ";"Rio de Janeiro";"Tijuca";"20530500";"Rua General Espírito Santo Cardoso";-22,9313656;-43,2457228;34,2;21;"3304557"
"RJ";"Rio de Janeiro";"Tijuca";"20530560";"Rua Amoroso Costa";-22,9328017;-43,2484985;36,9;21;"3304557"
NA;NA;NA;NA;NA;NA;NA;NA;NA;NA
"RJ";"Rio de Janeiro";"Tijuca";"20540003";"Rua Barão de Mesquita";-22,9213879;-43,2321404;21,3;21;"3304557"
"RJ";"Rio de Janeiro";"Tijuca";"20540100";"Rua Adolfo Mota";-22,9205628;-43,232609;19;21;"3304557"
"RJ";"Rio de Janeiro";"Vila Isabel";"20540110";"Rua Tomás Coelho";-22,9225897;-43,238105;20,4;21;"3304557"
"RJ";"Rio de Janeiro";"Vila Isabel";"20540132";"Rua Pereira Nunes";-22,9167328;-43,2508337;20,2;21;"3304557"
"RJ";"Rio de Janeiro";"Andaraí";"20540215";"Rua Barão de Mesquita";-22,9261232;-43,2483746;27,9;21;"3304557"
"RJ";"Rio de Janeiro";"Andaraí";"20540220";"Rua Gastão Penalva";-22,9270467;-43,2520858;32,5;21;"3304557"
"RJ";"Rio de Janeiro";"Grajaú";"20540310";"Rua Meira de Vasconcelos";-22,9220473;-43,2558195;31;21;"3304557"
"RJ";"Rio de Janeiro";"Grajaú";"20540342";"Rua Barão do Bom Retiro";-22,9237136;-43,258999;36,4;21;"3304557"
"RJ";"Rio de Janeiro";"Vila Isabel";"20541015";"Rua Gonzaga Bastos";-22,9167328;-43,2508337;20,2;21;"3304557"
"RJ";"Rio de Janeiro";"Vila Isabel";"20541035";"Rua dos Artistas";-22,918489;-43,2386255;22,5;21;"3304557"
"RJ";"Rio de Janeiro";"Andaraí";"20541120";"Rua Barão de Itaipu";-22,9244088;-43,2476617;25,6;21;"3304557"
"RJ";"Rio de Janeiro";"Andaraí";"20541170";"Rua Leopoldo";-22,9259539;-43,2487131;25,8;21;"3304557"
"RJ";"Rio de Janeiro";"Andaraí";"20541280";"Rua Ferreira Pontes";-22,9259539;-43,2487131;25,8;21;"3304557"
"RJ";"Rio de Janeiro";"Tijuca";"20550010";"Rua São Francisco Xavier";-22,9325728;-43,2410248;33,7;21;"3304557"
"RJ";"Rio de Janeiro";"Tijuca";"20550020";"Rua Pereira de Siqueira";-22,919963;-43,2257247;19;21;"3304557"
"RJ";"Rio de Janeiro";"Tijuca";"20550030";"Rua Marquês de Valença";-22,922813;-43,2257934;21,4;21;"3304557"
"RJ";"Rio de Janeiro";"Tijuca";"20550045";"Rua Carmela Dutra";-22,9233154;-43,2266192;24,9;21;"3304557"
"RJ";"Rio de Janeiro";"Maracanã";"20550140";"Rua Visconde de Itamarati";-22,9170198;-43,2318132;18,6;21;"3304557"
"RJ";"Rio de Janeiro";"Maracanã";"20550200";"Rua Oito de Dezembro";-22,9127036;-43,2261662;12;21;"3304557"
"RJ";"Rio de Janeiro";"Vila Isabel";"20551010";"Rua Justiniano da Rocha";-22,9126825;-43,2408503;21,4;21;"3304557"
"RJ";"Rio de Janeiro";"Vila Isabel";"20551031";"Boulevard Vinte e Oito de Setembro";-22,9167328;-43,2508337;20,2;21;"3304557"
"RJ";"Rio de Janeiro";"Vila Isabel";"20551040";"Rua Hipólito da Costa";-22,9134663;-43,2415533;22,6;21;"3304557"
"RJ";"Rio de Janeiro";"Vila Isabel";"20551050";"Rua Duque de Caxias";-22,9131082;-43,242548;24,7;21;"3304557"
"RJ";"Rio de Janeiro";"Vila Isabel";"20551070";"Rua Torres Homem";-22,9167328;-43,2508337;20,2;21;"3304557"
"RJ";"Rio de Janeiro";"Vila Isabel";"20551080";"Rua Visconde de Abaeté";-22,9149888;-43,2441013;25,1;21;"3304557"
"RJ";"Rio de Janeiro";"Vila Isabel";"20551100";"Rua Engenheiro Gama Lobo";-22,9125813;-43,2446898;33,3;21;"3304557"
"RJ";"Rio de Janeiro";"Vila Isabel";"20551230";"Rua Senador Nabuco";-22,9167328;-43,2508337;20,2;21;"3304557"
"RJ";"Rio de Janeiro";"Vila Isabel";"20560000";"Rua Teodoro da Silva";-22,9167328;-43,2508337;20,2;21;"3304557"
"RJ";"Rio de Janeiro";"Vila Isabel";"20560001";"Rua Teodoro da Silva";-22,9167328;-43,2508337;20,2;21;"3304557"
"RJ";"Rio de Janeiro";"Vila Isabel";"20560050";"Rua Mendes Tavares";-22,9185819;-43,2540122;30,1;21;"3304557"
"RJ";"Rio de Janeiro";"Vila Isabel";"20560070";"Rua Viana Drumond";-22,9190045;-43,2560785;32;21;"3304557"
"RJ";"Rio de Janeiro";"Vila Isabel";"20560100";"Rua Emília Sampaio";-22,9183733;-43,2579168;35,9;21;"3304557"
"RJ";"Rio de Janeiro";"Grajaú";"20560160";"Rua José do Patrocínio";-22,9180393;-43,2630463;36,6;21;"3304557"
"RJ";"Rio de Janeiro";"Grajaú";"20561020";"Rua Professor Valadares";-22,9237136;-43,258999;36,4;21;"3304557"
"RJ";"Rio de Janeiro";"Grajaú";"20561070";"Rua Mearim";-22,9237136;-43,258999;36,4;21;"3304557"
"RJ";"Rio de Janeiro";"Grajaú";"20561092";"Avenida Engenheiro Richard";-22,9237136;-43,258999;36,4;21;"3304557"
"RJ";"Rio de Janeiro";"Grajaú";"20561240";"Rua Uberaba";-22,9249495;-43,2563723;29,5;21;"3304557"
"RJ";"Rio de Janeiro";"Méier";"20710070";"Rua Isolina";-22,9063906;-43,2794161;40,4;21;"3304557"
"RJ";"Rio de Janeiro";"Engenho Novo";"20715200";"Rua Leopoldino Bastos";-22,9137847;-43,266227;37;21;"3304557"
NA;NA;NA;NA;NA;NA;NA;NA;NA;NA
"RJ";"Rio de Janeiro";"Méier";"20720295";"Rua Aquidabã";-22,9106879461;-43,2885558909;38,5;21;"3304557"
"RJ";"Rio de Janeiro";"Lins de Vasconcelos";"20720310";"Rua Carolina Santos";-22,907019;-43,2848004;48,8;21;"3304557"
"RJ";"Rio de Janeiro";"Méier";"20725050";"Rua Joaquim Meier";-22,9059263;-43,2808767;51;21;"3304557"
"RJ";"Rio de Janeiro";"Méier";"20725060";"Rua Dona Claudina";-22,9059721;-43,2833817;47,3;21;"3304557"
"RJ";"Rio de Janeiro";"Méier";"20725220";"Rua Vilela Tavares";-22,9089575;-43,286756;48,8;21;"3304557"
"RJ";"Rio de Janeiro";"Engenho de Dentro";"20730340";"Rua Mapurari";-22,9095742;-43,298951;59;21;"3304557"
"RJ";"Rio de Janeiro";"Todos os Santos";"20735190";"Rua Almirante Calheiros da Graça";-22,8995793;-43,284587;59,2;21;"3304557"
"RJ";"Rio de Janeiro";"Méier";"20735230";"Rua Paulo Silva Araújo";-22,8992415;-43,2869809;35,7;21;"3304557"
"RJ";"Rio de Janeiro";"Piedade";"20740260";"Rua Assis Carneiro";-22,8934547;-43,3115886;48,9;21;"3304557"
"RJ";"Rio de Janeiro";"Engenho de Dentro";"20745110";"Rua Eulina Ribeiro";-22,9071218;-43,3018946;42;21;"3304557"
"RJ";"Rio de Janeiro";"Encantado";"20745125";"Rua Pompílio de Albuquerque";-22,900686;-43,3036675;42,2;21;"3304557"
"RJ";"Rio de Janeiro";"Água Santa";"20745200";"Rua da Pátria";-22,8186458;-43,3741733;55,8;21;"3304557"
"RJ";"Rio de Janeiro";"Encantado";"20745230";"Rua Joaquim Martins";-22,9000866;-43,3091624;36,9;21;"3304557"
"RJ";"Rio de Janeiro";"Água Santa";"20745312";"Rua Dois de Fevereiro";-22,9052068;-43,3072301;42,9;21;"3304557"
"RJ";"Rio de Janeiro";"Tomás Coelho";"20750340";"Rua Moacir de Almeida";-22,8693168;-43,3061814;32,7;21;"3304557"
"RJ";"Rio de Janeiro";"Tomás Coelho";"20750370";"Praça Henrique Gonzales";-22,8706101;-43,3045314;43,5;21;"3304557"
NA;NA;NA;NA;NA;NA;NA;NA;NA;NA
"RJ";"Rio de Janeiro";"Abolição";"20755240";"Rua Bráulio Muniz";-22,8878949;-43,2989988;44,7;21;"3304557"
"RJ";"Rio de Janeiro";"Piedade";"20756100";"Rua João Pinheiro";-22,8894261;-43,3063069;34,2;21;"3304557"
"RJ";"Rio de Janeiro";"Piedade";"20756121";"Rua Goiás";-22,8927261;-43,3062843;38;21;"3304557"
"RJ";"Rio de Janeiro";"Del Castilho";"20760020";"Praça da Confederação Suíça";-22,8787818;-43,2753258;18,4;21;"3304557"
"RJ";"Rio de Janeiro";"Engenho da Rainha";"20766620";"Rua Flora Rica";-22,8644972;-43,2968525;36,3;21;"3304557"
"RJ";"Rio de Janeiro";"Engenho da Rainha";"20766670";"Rua Sérgio Silva";-22,8640775;-43,299613;49,7;21;"3304557"
"RJ";"Rio de Janeiro";"Engenho da Rainha";"20766721";"Estrada Adhemar Bebiano";-22,8650532;-43,2940226;27,5;21;"3304557"
"RJ";"Rio de Janeiro";"Engenho de Dentro";"20770006";"Rua Doutor Padilha";-22,8935078;-43,2895633;28,7;21;"3304557"
"RJ";"Rio de Janeiro";"Engenho de Dentro";"20770010";"Rua das Oficinas";-22,8914569;-43,2914918;26,6;21;"3304557"
"RJ";"Rio de Janeiro";"Engenho de Dentro";"20770060";"Rua Henrique Scheid";-22,8890867;-43,289598;23,4;21;"3304557"
"RJ";"Rio de Janeiro";"Todos os Santos";"20770130";"Rua Piauí";-22,8920141;-43,2877006;25,6;21;"3304557"
"RJ";"Rio de Janeiro";"Todos os Santos";"20770150";"Rua São Brás";-22,8913111;-43,2867981;30,6;21;"3304557"
"RJ";"Rio de Janeiro";"Todos os Santos";"20770240";"Rua José Bonifácio";-22,8925694;-43,2827397;25,7;21;"3304557"
"RJ";"Rio de Janeiro";"Todos os Santos";"20770290";"Rua Elisa de Albuquerque";-22,8955688;-43,2852232;47,6;21;"3304557"
"RJ";"Rio de Janeiro";"Del Castilho";"20771000";"Avenida Dom Hélder Câmara";-22,8799261;-43,2680332;20,5;21;"3304557"
"RJ";"Rio de Janeiro";"Cachambi";"20771004";"Avenida Dom Hélder Câmara";-22,8850142;-43,2782301;21,1;21;"3304557"
"RJ";"Rio de Janeiro";"Cachambi";"20771410";"Rua Cirne Maia";-22,8920025;-43,2797248;31,5;21;"3304557"
"RJ";"Rio de Janeiro";"Todos os Santos";"20771420";"Rua Honório";-22,8928494;-43,2846653;41,7;21;"3304557"
"RJ";"Rio de Janeiro";"Cachambi";"20771445";"Rua Tenente Franca";-22,8905849;-43,2789678;44;21;"3304557"
"RJ";"Rio de Janeiro";"Cachambi";"20771450";"Rua Silva Mourão";-22,8883581;-43,2795731;39,6;21;"3304557"
"RJ";"Rio de Janeiro";"Cachambi";"20771470";"Rua Chaves Pinheiro";-22,8868911;-43,2777846;23,3;21;"3304557"
"RJ";"Rio de Janeiro";"Méier";"20775020";"Rua Padre Ildefonso Penalba";-22,8947633;-43,2803608;29,6;21;"3304557"
"RJ";"Rio de Janeiro";"Méier";"20775050";"Rua Coração de Maria";-22,8948799;-43,2771103;38,1;21;"3304557"
"RJ";"Rio de Janeiro";"Méier";"20775090";"Rua Aristides Caire";-22,8971584;-43,2759743;28,6;21;"3304557"
"RJ";"Rio de Janeiro";"Méier";"20775120";"Rua Enéias Galvão";-22,8969652;-43,2739511;25,8;21;"3304557"
"RJ";"Rio de Janeiro";"Cachambi";"20775182";"Rua Cachambi";-22,8899874;-43,2736259;24;21;"3304557"
"RJ";"Rio de Janeiro";"Cachambi";"20780200";"Rua Ferreira de Andrade";-22,8909221;-43,2709656;20,7;21;"3304557"
"RJ";"Rio de Janeiro";"Cachambi";"20780370";"Rua Miguel Cervantes";-22,8920364;-43,2679;18,8;21;"3304557"
"RJ";"Rio de Janeiro";"São Cristóvão";"20921030";"Rua General Bruce";-22,8955277;-43,2222823;16,3;21;"3304557"
"RJ";"Rio de Janeiro";"São Cristóvão";"20921280";"Rua Lima Barros";-22,8896499;-43,2260749;10,2;21;"3304557"
"RJ";"Rio de Janeiro";"São Cristóvão";"20921400";"Rua General José Cristino";-22,8947971;-43,2254516;23,3;21;"3304557"
"RJ";"Rio de Janeiro";"São Cristóvão";"20940200";"Rua Fonseca Teles";-22,9018109;-43,2222223;32,6;21;"3304557"
NA;NA;NA;NA;NA;NA;NA;NA;NA;NA
"RJ";"Rio de Janeiro";"São Francisco Xavier";"20950004";"Avenida Marechal Rondon";-22,9043747;-43,2436871;27,1;21;"3304557"
"RJ";"Rio de Janeiro";"Riachuelo";"20950090";"Rua Vinte e Quatro de Maio";-22,9018183;-43,2525672;18,9;21;"3304557"
"RJ";"Rio de Janeiro";"Riachuelo";"20950201";"Avenida Marechal Rondon";-22,9031802;-43,2528246;24;21;"3304557"
"RJ";"Rio de Janeiro";"Riachuelo";"20960080";"Rua Barbosa da Silva";-22,8993842;-43,2537222;23,8;21;"3304557"
"RJ";"Rio de Janeiro";"Rocha";"20961000";"Rua General Belford";-22,8986013;-43,2523968;15,9;21;"3304557"
"RJ";"Rio de Janeiro";"Engenho Novo";"20961150";"Rua Sousa Barros";-22,900935;-43,2673023;19,7;21;"3304557"
"RJ";"Rio de Janeiro";"Sampaio";"20961160";"Rua Dois de Maio";-22,9003119;-43,263486;15,7;21;"3304557"
"RJ";"Rio de Janeiro";"Engenho Novo";"20961210";"Rua Baronesa do Engenho Novo";-22,8956381;-43,2641428;17,9;21;"3304557"
"RJ";"Rio de Janeiro";"Cordovil";"21012065";"Avenida Brasil";-22,8153105;-43,2913885;15,8;21;"3304557"
"RJ";"Rio de Janeiro";"Penha";"21020330";"Rua Quito";-22,8382397;-43,2753003;16,9;21;"3304557"
"RJ";"Rio de Janeiro";"Penha";"21020410";"Rua do Couto";-22,8355594;-43,2737137;8,8;21;"3304557"
"RJ";"Rio de Janeiro";"Penha";"21020972";"Rua Nicarágua 537 Loja A";-22,838767;-43,2801111;15,4;21;"3304557"
"RJ";"Rio de Janeiro";"Olaria";"21021400";"Rua Anspecada Melo";-22,8454539;-43,2662774;16,1;21;"3304557"
"RJ";"Rio de Janeiro";"Olaria";"21021521";"Rua Leopoldina Rego";-22,8506756;-43,2632895;15,8;21;"3304557"
"RJ";"Rio de Janeiro";"Ramos";"21031700";"Rua João Romariz";-22,8523943;-43,255578;10,8;21;"3304557"
"RJ";"Rio de Janeiro";"Bonsucesso";"21040212";"Avenida Guilherme Maxwell";-22,8652608;-43,2424872;11,1;21;"3304557"
NA;NA;NA;NA;NA;NA;NA;NA;NA;NA
"RJ";"Rio de Janeiro";"Del Castilho";"21050624";"Avenida Dom Hélder Câmara";-22,8810842;-43,2723945;24;21;"3304557"
"RJ";"Rio de Janeiro";"Maria da Graça";"21050630";"Rua Pires de Carvalho";-22,8797576;-43,2633829;36;21;"3304557"
"RJ";"Rio de Janeiro";"Maria da Graça";"21050650";"Rua Silva Rosa";-22,8802401;-43,2615662;29;21;"3304557"
"RJ";"Rio de Janeiro";"Del Castilho";"21051070";"Estrada Adhemar Bebiano";-22,8803653;-43,2690045;20,2;21;"3304557"
"RJ";"Rio de Janeiro";"Bonsucesso";"21061020";"Avenida Itaóca";-22,8689014;-43,2676251;16,1;21;"3304557"
"RJ";"Rio de Janeiro";"Bonsucesso";"21061021";"Avenida Itaóca";-22,8689014;-43,2676251;16,1;21;"3304557"
"RJ";"Rio de Janeiro";"Vila da Penha";"21211006";"Avenida Meriti";-22,8500859;-43,3096436;25,4;21;"3304557"
"RJ";"Rio de Janeiro";"Braz de Pina";"21211780";"Rua Engenheiro Oscar Weinschenk";-22,8372551;-43,3108491;13,6;21;"3304557"
"RJ";"Rio de Janeiro";"Vicente de Carvalho";"21220270";"Rua Belarmino de Matos";-22,8502843;-43,31263;27,1;21;"3304557"
"RJ";"Rio de Janeiro";"Vicente de Carvalho";"21220290";"Rua Bernardo Taveira";-22,8505786;-43,3137189;29,1;21;"3304557"
"RJ";"Rio de Janeiro";"Irajá";"21220310";"Estrada Coronel Vieira";-22,8474688;-43,3199753;18,1;21;"3304557"
"RJ";"Rio de Janeiro";"Vila da Penha";"21221300";"Avenida Oliveira Belo";-22,8446275;-43,3100298;17,9;21;"3304557"
"RJ";"Rio de Janeiro";"Vila da Penha";"21221390";"Rua Engenheiro Lafaiete Stockler";-22,8440802;-43,3094623;18,3;21;"3304557"
"RJ";"Rio de Janeiro";"Irajá";"21230042";"Avenida Brasil";-22,820269;-43,3212994;15,2;21;"3304557"
NA;NA;NA;NA;NA;NA;NA;NA;NA;NA
"RJ";"Rio de Janeiro";"Vista Alegre";"21230355";"Estrada da Água Grande";-22,8302817;-43,3166841;17;21;"3304557"
"RJ";"Rio de Janeiro";"Irajá";"21230510";"Rua Estremadura";-22,8240545;-43,3176447;30,5;21;"3304557"
"RJ";"Rio de Janeiro";"Irajá";"21235111";"Avenida Monsenhor Félix";-22,8475248;-43,3248024;22,1;21;"3304557"
"RJ";"Rio de Janeiro";"Irajá";"21235250";"Rua Marquês de Aracati";-22,8433959;-43,3254456;17,6;21;"3304557"
"RJ";"Rio de Janeiro";"Colégio";"21235280";"Estrada do Colégio";-22,8375268;-43,3320636;22,1;21;"3304557"
"RJ";"Rio de Janeiro";"Irajá";"21235550";"Rua Monte Santo";-22,8389154;-43,3166407;30,5;21;"3304557"
"RJ";"Rio de Janeiro";"Colégio";"21236250";"Travessa Humaitá";-22,958737;-43,2000248;19,9;21;"3304557"
"RJ";"Rio de Janeiro";"Parada de Lucas";"21250391";"Avenida Meriti";-22,8257706;-43,3119295;11,6;21;"3304557"
"RJ";"Rio de Janeiro";"Parada de Lucas";"21250610";"Rua Misael de Mendonça";-22,8212034;-43,3124383;16,9;21;"3304557"
"RJ";"Rio de Janeiro";"Parada de Lucas";"21250620";"Rua Álvaro de Macedo";-22,8184513;-43,3030143;7,6;21;"3304557"
"RJ";"Rio de Janeiro";"Madureira";"21310050";"Rua Maria Lópes";-22,8797381;-43,3373625;32,4;21;"3304557"
"RJ";"Rio de Janeiro";"Cascadura";"21310310";"Avenida Ernani Cardoso";-22,8818576;-43,3303005;37,8;21;"3304557"
"RJ";"Rio de Janeiro";"Quintino Bocaiúva";"21311360";"Rua da República";-22,8911415;-43,3207974;54,8;21;"3304557"
"RJ";"Rio de Janeiro";"Campinho";"21320060";"Rua Cândido Benício";-22,8856237;-43,3481044;32;21;"3304557"
"RJ";"Rio de Janeiro";"Praça Seca";"21321050";"Rua Florianópolis";-22,8969486;-43,3517578;40,9;21;"3304557"
"RJ";"Rio de Janeiro";"Praça Seca";"21321060";"Rua Maranga";-22,9001424;-43,3461719;51,4;21;"3304557"
"RJ";"Rio de Janeiro";"Vila Valqueire";"21321560";"Rua Ouro Branco";-22,8852414;-43,367481;37,2;21;"3304557"
"RJ";"Rio de Janeiro";"Vila Valqueire";"21330500";"Rua Evaristo de Morais";-22,8851424;-43,3633831;41,1;21;"3304557"
"RJ";"Rio de Janeiro";"Vila Valqueire";"21330550";"Rua Guaranésia";-22,8876559;-43,3624815;46,7;21;"3304557"
"RJ";"Rio de Janeiro";"Vila Valqueire";"21330650";"Rua Quiririm";-22,8879496;-43,3634352;43,4;21;"3304557"
"RJ";"Rio de Janeiro";"Vila Valqueire";"21330740";"Rua das Dálias";-22,8803901;-43,3655751;36,3;21;"3304557"
"RJ";"Rio de Janeiro";"Bento Ribeiro";"21340060";"Rua Adalgisa Aleixo";-22,8681763;-43,3595941;27,4;21;"3304557"
"RJ";"Rio de Janeiro";"Praça Seca";"21341270";"Rua Pinto Teles";-22,8870327;-43,3496607;33,9;21;"3304557"
"RJ";"Rio de Janeiro";"Madureira";"21341331";"Estrada Intendente Magalhães";-22,8773125;-43,3365814;33,9;21;"3304557"
"RJ";"Rio de Janeiro";"Campinho";"21341460";"Rua Ana Teles";-22,8853516;-43,3486102;32,3;21;"3304557"
NA;NA;NA;NA;NA;NA;NA;NA;NA;NA
"RJ";"Rio de Janeiro";"Madureira";"21360202";"Avenida Ministro Edgard Romero";-22,8773125;-43,3365814;33,9;21;"3304557"
"RJ";"Rio de Janeiro";"Irajá";"21361500";"Rua Eugênio Gudin";-22,849134;-43,3291865;47,7;21;"3304557"
"RJ";"Rio de Janeiro";"Engenheiro Leal";"21370200";"Rua Enaldo dos Santos Araújo";-22,8763557;-43,3190903;43,3;21;"3304557"
"RJ";"Rio de Janeiro";"Tomás Coelho";"21370455";"Rua Silva Vale";-22,8690257;-43,3040224;29,1;21;"3304557"
"RJ";"Rio de Janeiro";"Irajá";"21371270";"Rua Baepina";-22,8511467;-43,3204701;26,4;21;"3304557"
"RJ";"Rio de Janeiro";"Cascadura";"21380320";"Rua Cerqueira Daltro";-22,8791643;-43,3215441;39,9;21;"3304557"
NA;NA;NA;NA;NA;NA;NA;NA;NA;NA
"RJ";"Rio de Janeiro";"Honório Gurgel";"21512001";"Estrada João Paulo";-22,8453344;-43,3558285;26,4;21;"3304557"
"RJ";"Rio de Janeiro";"Pavuna";"21520002";"Avenida Pastor Martin Luther King Jr";-22,8112324;-43,3625273;15,8;21;"3304557"
"RJ";"Rio de Janeiro";"Pavuna";"21520050";"Rua Brás Cubas";-22,8087223;-43,3645795;23,1;21;"3304557"
"RJ";"Rio de Janeiro";"Rocha Miranda";"21540500";"Estrada do Barro Vermelho";-22,854762;-43,3516765;14,6;21;"3304557"
"RJ";"Rio de Janeiro";"Marechal Hermes";"21610330";"Rua Xavier Curado";-22,8686237;-43,3766947;21,7;21;"3304557"
"RJ";"Rio de Janeiro";"Parque Anchieta";"21620680";"Rua Paraíba";-22,8224201;-43,3608087;55,8;21;"3304557"
"RJ";"Rio de Janeiro";"Parque Anchieta";"21625130";"Rua Capitão Mário Barbedo";-22,8354858;-43,3991887;39,7;21;"3304557"
"RJ";"Rio de Janeiro";"Anchieta";"21645521";"Avenida Chrisóstomo Pimentel de Oliveira";-22,8238795;-43,3981236;28,1;21;"3304557"
"RJ";"Rio de Janeiro";"Anchieta";"21655612";"Avenida Chrisóstomo Pimentel de Oliveira";-22,8165542;-43,38883;15,8;21;"3304557"
"RJ";"Rio de Janeiro";"Guadalupe";"21660000";"Avenida Brasil";-22,8427621;-43,373915;18,9;21;"3304557"
"RJ";"Rio de Janeiro";"Guadalupe";"21670000";"Avenida Brasil";-22,8386773;-43,3666895;21,9;21;"3304557"
"RJ";"Rio de Janeiro";"Padre Miguel";"21720540";"Rua General Jacques Ourique";-22,8685237;-43,4469524;35,1;21;"3304557"
"RJ";"Rio de Janeiro";"Realengo";"21725180";"Rua Hélio do Amaral";-22,8589207;-43,4469837;30,1;21;"3304557"
"RJ";"Rio de Janeiro";"Realengo";"21730245";"Rua Curitiba";-22,8763107;-43,4302937;38,4;21;"3304557"
"RJ";"Rio de Janeiro";"Jardim Sulacap";"21740030";"Estrada Japore";-22,9068467;-43,1728965;34,1;21;"3304557"
"RJ";"Rio de Janeiro";"Jardim Sulacap";"21741110";"Avenida Alberico Diniz";-22,8870892;-43,3890492;40,2;21;"3304557"
NA;NA;NA;NA;NA;NA;NA;NA;NA;NA
"RJ";"Rio de Janeiro";"Bangu";"21810100";"Rua Maravilha";-22,8742263;-43,4685442;43,1;21;"3304557"
NA;NA;NA;NA;NA;NA;NA;NA;NA;NA
"RJ";"Rio de Janeiro";"Bangu";"21820096";"Rua Rio da Prata";-22,8742263;-43,4685442;43,1;21;"3304557"
"RJ";"Rio de Janeiro";"Bangu";"21820100";"Rua dos Estampadores";-22,8827087;-43,470785;50,3;21;"3304557"
NA;NA;NA;NA;NA;NA;NA;NA;NA;NA
"RJ";"Rio de Janeiro";"Senador Camará";"21832375";"Rua Santa Efigênia";-22,8758503;-43,4871891;47,3;21;"3304557"
NA;NA;NA;NA;NA;NA;NA;NA;NA;NA
"RJ";"Rio de Janeiro";"Bangu";"21853031";"Estrada do Guandu do Sena";-22,8742263;-43,4685442;43,1;21;"3304557"
"RJ";"Rio de Janeiro";"Bangu";"21862733";"Rua Gastone Lúcia Beltrão";-22,8590501;-43,4669726;34;21;"3304557"
"RJ";"Rio de Janeiro";"Bangu";"21863420";"Rua Ibiranhem";-22,8742263;-43,4685442;43,1;21;"3304557"
"RJ";"Rio de Janeiro";"Bangu";"21863429";"Rua João Cândido Corrêa";-22,8573743;-43,4657822;36;21;"3304557"
"RJ";"Rio de Janeiro";"Tauá";"21920000";"Estrada do Dendê";-22,7957684;-43,197717;8,3;21;"3304557"
"RJ";"Rio de Janeiro";"Copacabana";"22030020";"Rua Maracanaú";-22,9637;-43,181174;26,8;21;"3304557"
"RJ";"Rio de Janeiro";"Copacabana";"22041020";"Rua Henrique Oswald";-22,9640525;-43,192136;36,7;21;"3304557"
"RJ";"Rio de Janeiro";"Lagoa";"22071050";"Rua Presidente Alfonso López";-22,9779075;-43,196877;57,1;21;"3304557"
"RJ";"Rio de Janeiro";"Ipanema";"22080046";"Rua Francisco Otaviano";-22,984667;-43,1985932;19,2;21;"3304557"
"RJ";"Rio de Janeiro";"Ipanema";"22081040";"Rua Canning";-22,9853248;-43,1947614;24,9;21;"3304557"
"RJ";"Rio de Janeiro";"Flamengo";"22210080";"Rua Paissandu";-22,933216;-43,1747019;16,2;21;"3304557"
"RJ";"Rio de Janeiro";"Glória";"22211230";"Rua Santo Amaro";-22,9225755;-43,1811894;34,8;21;"3304557"
"RJ";"Rio de Janeiro";"Catete";"22220000";"Rua do Catete";-22,9279602;-43,1807701;50,3;21;"3304557"
"RJ";"Rio de Janeiro";"Flamengo";"22220060";"Rua Machado de Assis";-22,9311345;-43,1760249;18,7;21;"3304557"
"RJ";"Rio de Janeiro";"Laranjeiras";"22221080";"Rua Marquesa de Santos";-22,9303478;-43,1812653;24,9;21;"3304557"
"RJ";"Rio de Janeiro";"Laranjeiras";"22221140";"Rua Pereira da Silva";-22,93091;-43,1896542;52,4;21;"3304557"
"RJ";"Rio de Janeiro";"Flamengo";"22230001";"Rua Senador Vergueiro";-22,936943;-43,1757835;20,9;21;"3304557"
"RJ";"Rio de Janeiro";"Flamengo";"22230061";"Rua Marquês de Abrantes";-22,9370897;-43,1775269;26,8;21;"3304557"
"RJ";"Rio de Janeiro";"Botafogo";"22231000";"Rua Barão de Itambi";-22,9410188;-43,1807589;23,7;21;"3304557"
"RJ";"Rio de Janeiro";"Laranjeiras";"22240000";"Rua das Laranjeiras";-22,9332067;-43,18473;18,5;21;"3304557"
"RJ";"Rio de Janeiro";"Laranjeiras";"22240100";"Rua Leite Leal";-22,9360833;-43,1883956;26;21;"3304557"
"RJ";"Rio de Janeiro";"Flamengo";"22250020";"Avenida Rui Barbosa";-22,9415664;-43,1727713;20,2;21;"3304557"
"RJ";"Rio de Janeiro";"Botafogo";"22251070";"Rua Vicente de Sousa";-22,9468895;-43,1851826;11,5;21;"3304557"
"RJ";"Rio de Janeiro";"Botafogo";"22251090";"Rua Muniz Barreto";-22,945408;-43,1840955;14,9;21;"3304557"
"RJ";"Rio de Janeiro";"Botafogo";"22260003";"Rua São Clemente";-22,949427;-43,1856061;14,6;21;"3304557"
"RJ";"Rio de Janeiro";"Botafogo";"22260040";"Rua Ministro Raul Fernandes";-22,9459172812;-43,188745224;11,6;21;"3304557"
"RJ";"Rio de Janeiro";"Botafogo";"22260100";"Rua da Matriz";-22,9519592;-43,1922804;15,4;21;"3304557"
"RJ";"Rio de Janeiro";"Humaitá";"22261010";"Rua Davi Campista";-22,9534863;-43,1985382;25;21;"3304557"
"RJ";"Rio de Janeiro";"Botafogo";"22270010";"Rua Voluntários da Pátria";-22,9511149;-43,1809269;16;21;"3304557"
"RJ";"Rio de Janeiro";"Botafogo";"22270030";"Rua São João Batista";-22,9553377;-43,1902082;10,8;21;"3304557"
"RJ";"Rio de Janeiro";"Botafogo";"22271020";"Rua Conde de Irajá";-22,955269;-43,1952679;17,2;21;"3304557"
"RJ";"Rio de Janeiro";"Botafogo";"22271022";"Rua Visconde de Caravelas";-22,9511149;-43,1809269;16;21;"3304557"
"RJ";"Rio de Janeiro";"Humaitá";"22271044";"Rua Visconde de Silva";-22,9567123;-43,1984978;23,1;21;"3304557"
NA;NA;NA;NA;NA;NA;NA;NA;NA;NA
"RJ";"Rio de Janeiro";"Botafogo";"22271100";"Rua Mena Barreto";-22,9553919;-43,1889129;10,4;21;"3304557"
"RJ";"Rio de Janeiro";"Botafogo";"22271110";"Rua Sorocaba";-22,9536704;-43,1896703;21,3;21;"3304557"
NA;NA;NA;NA;NA;NA;NA;NA;NA;NA
"RJ";"Rio de Janeiro";"Botafogo";"22280002";"Rua General Polidoro";-22,9511149;-43,1809269;16;21;"3304557"
"RJ";"Rio de Janeiro";"Botafogo";"22280020";"Rua Dona Mariana";-22,9529608;-43,188617;24,2;21;"3304557"
"RJ";"Rio de Janeiro";"Botafogo";"22280030";"Rua Dezenove de Fevereiro";-22,9527517;-43,186823;15;21;"3304557"
"RJ";"Rio de Janeiro";"Botafogo";"22280040";"Rua Professor Álvaro Rodrigues";-22,9517653;-43,1830449;11;21;"3304557"
"RJ";"Rio de Janeiro";"Botafogo";"22280070";"Rua Arnaldo Quintela";-22,9552566;-43,1831171;9,9;21;"3304557"
"RJ";"Rio de Janeiro";"Botafogo";"22280080";"Rua Assis Bueno";-22,9562453;-43,1848609;18;21;"3304557"
"RJ";"Rio de Janeiro";"Botafogo";"22280100";"Rua Rodrigo de Brito";-22,9560019;-43,1827546;12,4;21;"3304557"
"RJ";"Rio de Janeiro";"Botafogo";"22280110";"Rua Álvaro Ramos";-22,9569991;-43,1829763;17,4;21;"3304557"
"RJ";"Rio de Janeiro";"Botafogo";"22281050";"Rua Henrique de Novais";-22,9551534;-43,1914646;12,7;21;"3304557"
"RJ";"Rio de Janeiro";"Botafogo";"22281080";"Rua Pinheiro Guimarães";-22,9585005;-43,1944945;24,9;21;"3304557"
"RJ";"Rio de Janeiro";"Botafogo";"22281900";"Rua Real Grandeza 219";-22,9556429;-43,1921006;15,1;21;"3304557"
"RJ";"Rio de Janeiro";"Botafogo";"22290000";"Rua Fernandes Guimarães";-22,9545568;-43,182559;11;21;"3304557"
"RJ";"Rio de Janeiro";"Botafogo";"22290010";"Rua São Manuel";-22,9533954;-43,1824168;15;21;"3304557"
"RJ";"Rio de Janeiro";"Botafogo";"22290030";"Rua da Passagem";-22,9511149;-43,1809269;16;21;"3304557"
"RJ";"Rio de Janeiro";"Botafogo";"22290040";"Rua General Severiano";-22,9533856;-43,1782544;12;21;"3304557"
"RJ";"Rio de Janeiro";"Botafogo";"22290070";"Avenida Lauro Sodré";-22,9556963;-43,1782134;12,5;21;"3304557"
"RJ";"Rio de Janeiro";"Botafogo";"22290080";"Rua General Goes Monteiro";-22,9557739;-43,1792167;18,3;21;"3304557"
"RJ";"Rio de Janeiro";"Urca";"22290260";"Rua Urbano Santos";-22,9526693;-43,1688664;10,4;21;"3304557"
"RJ";"Rio de Janeiro";"Urca";"22291000";"Rua Osório de Almeida";-22,9526922;-43,1682603;7,2;21;"3304557"
"RJ";"Rio de Janeiro";"Urca";"22291070";"Avenida São Sebastião";-22,9464847;-43,1610673;0;21;"3304557"
"RJ";"Rio de Janeiro";"Ipanema";"22411001";"Rua Barão da Torre";-22,984667;-43,1985932;19,2;21;"3304557"
"RJ";"Rio de Janeiro";"Ipanema";"22411002";"Rua Barão da Torre";-22,984667;-43,1985932;19,2;21;"3304557"
"RJ";"Rio de Janeiro";"Ipanema";"22411010";"Rua Vinícius de Moraes";-22,9832375;-43,2027988;19,7;21;"3304557"
"RJ";"Rio de Janeiro";"Ipanema";"22411072";"Avenida Epitácio Pessoa";-22,9807195;-43,206717;11,2;21;"3304557"
NA;NA;NA;NA;NA;NA;NA;NA;NA;NA
"RJ";"Rio de Janeiro";"Ipanema";"22420040";"Rua Prudente de Morais";-22,984667;-43,1985932;19,2;21;"3304557"
"RJ";"Rio de Janeiro";"Ipanema";"22420043";"Rua Prudente de Morais";-22,984667;-43,1985932;19,2;21;"3304557"
"RJ";"Rio de Janeiro";"Ipanema";"22421000";"Rua Barão de Jaguaripe";-22,9813726454;-43,2085945793;20,5;21;"3304557"
"RJ";"Rio de Janeiro";"Ipanema";"22421030";"Rua Redentor";-22,9824157;-43,2091027;18,1;21;"3304557"
"RJ";"Rio de Janeiro";"Leblon";"22430060";"Avenida Afrânio de Melo Franco";-22,9827501;-43,2179328;16,2;21;"3304557"
"RJ";"Rio de Janeiro";"Leblon";"22430190";"Rua Humberto de Campos";-22,9818979;-43,2204165;21,2;21;"3304557"
"RJ";"Rio de Janeiro";"Leblon";"22430210";"Rua João Líra";-22,9842049;-43,2222816;20,5;21;"3304557"
"RJ";"Rio de Janeiro";"Leblon";"22430220";"Rua José Linhares";-22,9839639;-43,2215009;19,4;21;"3304557"
"RJ";"Rio de Janeiro";"Leblon";"22431001";"Avenida Bartolomeu Mitre";-22,9843373;-43,2231424;18,2;21;"3304557"
"RJ";"Rio de Janeiro";"Leblon";"22431002";"Avenida Bartolomeu Mitre";-22,9843373;-43,2231424;18,2;21;"3304557"
"RJ";"Rio de Janeiro";"Leblon";"22440050";"Rua Aristides Espinola";-22,9861392;-43,2270552;24,3;21;"3304557"
"RJ";"Rio de Janeiro";"Leblon";"22441013";"Avenida General San Martin";-22,9843373;-43,2231424;18,2;21;"3304557"
"RJ";"Rio de Janeiro";"Leblon";"22441080";"Rua Juquiá";-22,9801606;-43,2227808;14,4;21;"3304557"
"RJ";"Rio de Janeiro";"Leblon";"22441110";"Rua Professor Arthur Ramos";-22,9839077;-43,224242;21,9;21;"3304557"
"RJ";"Rio de Janeiro";"Leblon";"22450000";"Avenida Visconde de Albuquerque";-22,9843373;-43,2231424;18,2;21;"3304557"
"RJ";"Rio de Janeiro";"Leblon";"22450001";"Avenida Visconde de Albuquerque";-22,9843373;-43,2231424;18,2;21;"3304557"
"RJ";"Rio de Janeiro";"Leblon";"22450002";"Avenida Visconde de Albuquerque";-22,9843373;-43,2231424;18,2;21;"3304557"
"RJ";"Rio de Janeiro";"Leblon";"22450130";"Rua Timóteo da Costa";-22,9845417;-43,2324366;88,7;21;"3304557"
"RJ";"Rio de Janeiro";"Leblon";"22450140";"Rua Sambaíba";-22,9864766;-43,2327851;72,4;21;"3304557"
"RJ";"Rio de Janeiro";"Leblon";"22450200";"Rua Igarapava";-22,9868868;-43,2306149;37,9;21;"3304557"
"RJ";"Rio de Janeiro";"Gávea";"22451020";"Rua Artur Araripe";-22,9768983;-43,2275077;22,4;21;"3304557"
"RJ";"Rio de Janeiro";"Gávea";"22451040";"Rua Marquês de São Vicente";-22,9760044;-43,2285147;17,1;21;"3304557"
"RJ";"Rio de Janeiro";"Jardim Botânico";"22460012";"Rua Lópes Quintas";-22,9068467;-43,1728965;34,1;21;"3304557"
"RJ";"Rio de Janeiro";"Jardim Botânico";"22460050";"Rua Corcovado";-22,9637163;-43,2222977;26,5;21;"3304557"
"RJ";"Rio de Janeiro";"Jardim Botânico";"22461210";"Rua Getúlio das Neves";-22,9599412;-43,2060984;19;21;"3304557"
"RJ";"Rio de Janeiro";"Lagoa";"22470002";"Avenida Borges de Medeiros";-22,9785357;-43,2182032;9;21;"3304557"
"RJ";"Rio de Janeiro";"Jardim Botânico";"22470050";"Rua Jardim Botânico";-22,9068467;-43,1728965;34,1;21;"3304557"
"RJ";"Rio de Janeiro";"Gávea";"22470060";"Praça Santos Dumont";-22,9732519;-43,2260629;11,3;21;"3304557"
"RJ";"Rio de Janeiro";"Lagoa";"22470201";"Rua Maria Angélica";-22,9621372;-43,2076913;20,1;21;"3304557"
"RJ";"Rio de Janeiro";"Lagoa";"22470210";"Rua Frei Leandro";-22,9616391;-43,2069836;24,5;21;"3304557"
"RJ";"Rio de Janeiro";"Lagoa";"22470230";"Rua Custódio Serrão";-22,9611875;-43,205899;17,7;21;"3304557"
NA;NA;NA;NA;NA;NA;NA;NA;NA;NA
"RJ";"Rio de Janeiro";"Lagoa";"22471002";"Avenida Epitácio Pessoa";-22,9621372;-43,2076913;20,1;21;"3304557"
"RJ";"Rio de Janeiro";"Lagoa";"22471003";"Avenida Epitácio Pessoa";-22,9764045;-43,1983537;26,7;21;"3304557"
"RJ";"Rio de Janeiro";"Lagoa";"22471210";"Rua Fonte da Saudade";-22,9634843801;-43,2029285773;21,3;21;"3304557"
"RJ";"Rio de Janeiro";"Lagoa";"22471220";"Rua Carvalho Azevedo";-22,9640758;-43,2028551;22,7;21;"3304557"
"RJ";"Rio de Janeiro";"Lagoa";"22471270";"Rua Baronesa de Poconé";-22,9624054;-43,2016996;33,6;21;"3304557"
"RJ";"Rio de Janeiro";"São Conrado";"22610010";"Avenida Aquarela do Brasil";-22,9960172;-43,2558493;38,4;21;"3304557"
"RJ";"Rio de Janeiro";"Barra da Tijuca";"22611250";"Avenida Vítor Konder";-23,0081981;-43,2977436;9,4;21;"3304557"
"RJ";"Rio de Janeiro";"Barra da Tijuca";"22620012";"Avenida Comandante Júlio de Moura";-23,0003709;-43,365895;8;21;"3304557"
"RJ";"Rio de Janeiro";"Barra da Tijuca";"22620061";"Avenida Gilberto Amado";-23,0003709;-43,365895;8;21;"3304557"
"RJ";"Rio de Janeiro";"Barra da Tijuca";"22620100";"Rua Desembargador Fernandes Pinheiro";-23,0100741;-43,3037577;10,6;21;"3304557"
"RJ";"Rio de Janeiro";"Barra da Tijuca";"22620171";"Avenida Pepe";-23,0150714;-43,305157;9,3;21;"3304557"
"RJ";"Rio de Janeiro";"Barra da Tijuca";"22620270";"Avenida Arquiteto Afonso Reidy";-23,0115472;-43,3186744;13;21;"3304557"
"RJ";"Rio de Janeiro";"Barra da Tijuca";"22620300";"Rua de Paranhos Antunes";-23,008566;-43,3185127;11,3;21;"3304557"
"RJ";"Rio de Janeiro";"Barra da Tijuca";"22621030";"Rua João Zanetti";-23,0077571;-43,313383;9,2;21;"3304557"
"RJ";"Rio de Janeiro";"Barra da Tijuca";"22621060";"Avenida Monsenhor Ascaneo";-23,0115825;-43,3131623;12;21;"3304557"
"RJ";"Rio de Janeiro";"Barra da Tijuca";"22621110";"Rua Pedro Lago";-23,008271;-43,3094903;9,6;21;"3304557"
"RJ";"Rio de Janeiro";"Barra da Tijuca";"22621170";"Rua Pedro Bolato";-23,0084909;-43,30697;10,6;21;"3304557"
"RJ";"Rio de Janeiro";"Barra da Tijuca";"22621221";"Avenida João Carlos Machado";-23,0003709;-43,365895;8;21;"3304557"
"RJ";"Rio de Janeiro";"Barra da Tijuca";"22630050";"Rua Carlos Leite Costa";-23,0084935;-43,3354689;8;21;"3304557"
"RJ";"Rio de Janeiro";"Barra da Tijuca";"22631450";"Rua Jornalista Henrique Cordeiro";-23,0048643;-43,3228508;13,4;21;"3304557"
"RJ";"Rio de Janeiro";"Barra da Tijuca";"22640100";"Avenida das Américas";-23,0003709;-43,365895;8;21;"3304557"
"RJ";"Rio de Janeiro";"Barra da Tijuca";"22641900";"Estrada da Barra da Tijuca 1006";-23,0047558;-43,3038197;33,2;21;"3304557"
"RJ";"Rio de Janeiro";"Taquara";"22710245";"Rua Macembu";-22,9266437;-43,3799472;19,3;21;"3304557"
"RJ";"Rio de Janeiro";"Taquara";"22710255";"Rua Mapendi";-22,926924;-43,3766456;37,4;21;"3304557"
"RJ";"Rio de Janeiro";"Taquara";"22710560";"Rua André Rocha";-22,925237;-43,3702706;17,8;21;"3304557"
NA;NA;NA;NA;NA;NA;NA;NA;NA;NA
"RJ";"Rio de Janeiro";"Jacarepaguá";"22713320";"Estrada Mapua";-22,928479;-43,3854116;18,8;21;"3304557"
NA;NA;NA;NA;NA;NA;NA;NA;NA;NA
NA;NA;NA;NA;NA;NA;NA;NA;NA;NA
"RJ";"Rio de Janeiro";"Taquara";"22720010";"Estrada do Rio Grande";-22,9230494;-43,3739788;19,7;21;"3304557"
"RJ";"Rio de Janeiro";"Taquara";"22720011";"Estrada do Rio Grande";-22,9230494;-43,3739788;19,7;21;"3304557"
"RJ";"Rio de Janeiro";"Taquara";"22720400";"Avenida dos Mananciais";-22,9171689;-43,3871217;25,1;21;"3304557"
"RJ";"Rio de Janeiro";"Taquara";"22723020";"Estrada da Boiuna";-22,9230494;-43,3739788;19,7;21;"3304557"
NA;NA;NA;NA;NA;NA;NA;NA;NA;NA
"RJ";"Rio de Janeiro";"Taquara";"22723427";"Estrada Meringuava";-22,9230494;-43,3739788;19,7;21;"3304557"
"RJ";"Rio de Janeiro";"Taquara";"22725030";"Estrada do Cafundá";-22,9230494;-43,3739788;19,7;21;"3304557"
"RJ";"Rio de Janeiro";"Taquara";"22725031";"Estrada do Cafundá";-22,9230494;-43,3739788;19,7;21;"3304557"
"RJ";"Rio de Janeiro";"Taquara";"22725421";"Estrada do Tindiba";-22,9230494;-43,3739788;19,7;21;"3304557"
"RJ";"Rio de Janeiro";"Taquara";"22730020";"Rua Godofredo Viana";-22,9146785;-43,3653721;34,9;21;"3304557"
"RJ";"Rio de Janeiro";"Taquara";"22730230";"Rua Marechal José Beviláqua";-22,9222493;-43,3698703;18,5;21;"3304557"
"RJ";"Rio de Janeiro";"Taquara";"22730240";"Rua Visconde de Asseca";-22,9233312;-43,3707048;22,5;21;"3304557"
"RJ";"Rio de Janeiro";"Praça Seca";"22733010";"Rua Albano";-22,9030969;-43,3540588;37,6;21;"3304557"
"RJ";"Rio de Janeiro";"Tanque";"22735130";"Rua Henriqueta";-22,9199718;-43,358813;29,7;21;"3304557"
"RJ";"Rio de Janeiro";"Tanque";"22735140";"Rua Alexandre Ramos";-22,9180113;-43,3610277;31,4;21;"3304557"
"RJ";"Rio de Janeiro";"Pechincha";"22740010";"Avenida Geremário Dantas";-22,9249452;-43,3592966;22,9;21;"3304557"
"RJ";"Rio de Janeiro";"Pechincha";"22740240";"Rua Coronel Tedim";-22,9230556;-43,3554456;30,1;21;"3304557"
"RJ";"Rio de Janeiro";"Pechincha";"22740300";"Rua Ana Silva";-22,9235862;-43,3524597;61,5;21;"3304557"
"RJ";"Rio de Janeiro";"Pechincha";"22743010";"Avenida Geremário Dantas";-22,9289233;-43,3545167;29,5;21;"3304557"
"RJ";"Rio de Janeiro";"Pechincha";"22743040";"Estrada Capenha";-22,9288836;-43,3542305;28,8;21;"3304557"
"RJ";"Rio de Janeiro";"Pechincha";"22743041";"Estrada Capenha";-22,9288836;-43,3542305;28,8;21;"3304557"
"RJ";"Rio de Janeiro";"Pechincha";"22743051";"Estrada Pau-ferro";-22,9288836;-43,3542305;28,8;21;"3304557"
"RJ";"Rio de Janeiro";"Freguesia (Jacarepaguá)";"22743052";"Estrada Pau-ferro";-22,9294919;-43,3333548;48,8;21;"3304557"
"RJ";"Rio de Janeiro";"Pechincha";"22743311";"Estrada Campo da Areia";-22,9228832;-43,3460562;60,7;21;"3304557"
"RJ";"Rio de Janeiro";"Pechincha";"22743350";"Rua Armando Gonzaga";-22,926557;-43,3443731;34,5;21;"3304557"
"RJ";"Rio de Janeiro";"Freguesia (Jacarepaguá)";"22743520";"Rua Agrolândia";-22,9233715;-43,3357855;101,4;21;"3304557"
"RJ";"Rio de Janeiro";"Freguesia (Jacarepaguá)";"22743660";"Rua Joaquim Pinheiro";-22,9329001;-43,3343433;39;21;"3304557"
"RJ";"Rio de Janeiro";"Freguesia (Jacarepaguá)";"22743670";"Rua Geminiano Gois";-22,933474;-43,3371825;36,3;21;"3304557"
"RJ";"Rio de Janeiro";"Freguesia (Jacarepaguá)";"22745005";"Estrada dos Três Rios";-22,9348995;-43,3360471;33;21;"3304557"
NA;NA;NA;NA;NA;NA;NA;NA;NA;NA
"RJ";"Rio de Janeiro";"Freguesia (Jacarepaguá)";"22745011";"Estrada do Bananal";-22,9348995;-43,3360471;33;21;"3304557"
NA;NA;NA;NA;NA;NA;NA;NA;NA;NA
"RJ";"Rio de Janeiro";"Freguesia (Jacarepaguá)";"22745056";"Estrada Pau-ferro";-22,9348995;-43,3360471;33;21;"3304557"
"RJ";"Rio de Janeiro";"Freguesia (Jacarepaguá)";"22745200";"Estrada do Guanumbi";-22,9358979;-43,3260485;49,1;21;"3304557"
"RJ";"Rio de Janeiro";"Freguesia (Jacarepaguá)";"22745270";"Rua Araguaia";-22,9348995;-43,3360471;33;21;"3304557"
"RJ";"Rio de Janeiro";"Freguesia (Jacarepaguá)";"22745271";"Rua Araguaia";-22,9348995;-43,3360471;33;21;"3304557"
"RJ";"Rio de Janeiro";"Freguesia (Jacarepaguá)";"22745282";"Rua Comandante Rúbens Silva";-22,9348995;-43,3360471;33;21;"3304557"
NA;NA;NA;NA;NA;NA;NA;NA;NA;NA
"RJ";"Rio de Janeiro";"Anil";"22750006";"Rua Ituverava";-22,9453125182;-43,3359407397;14,3;21;"3304557"
"RJ";"Rio de Janeiro";"Freguesia (Jacarepaguá)";"22750008";"Rua Tirol";-22,9348995;-43,3360471;33;21;"3304557"
"RJ";"Rio de Janeiro";"Freguesia (Jacarepaguá)";"22750013";"Estrada do Bananal";-22,9348995;-43,3360471;33;21;"3304557"
"RJ";"Rio de Janeiro";"Freguesia (Jacarepaguá)";"22750053";"Rua Comandante Rúbens Silva";-22,9348995;-43,3360471;33;21;"3304557"
"RJ";"Rio de Janeiro";"Freguesia (Jacarepaguá)";"22750290";"Rua Potiguara";-22,9427818;-43,3362489;39;21;"3304557"
"RJ";"Rio de Janeiro";"Jacarepaguá";"22750310";"Rua Antônio Cordeiro";-22,9431492;-43,3373414;34,7;21;"3304557"
"RJ";"Rio de Janeiro";"Jacarepaguá";"22750320";"Rua Alcides Lima";-22,9449397;-43,3375641;31,8;21;"3304557"
"RJ";"Rio de Janeiro";"Anil";"22750390";"Avenida São Guilherme de Norwich";-22,9472361;-43,336054;15,9;21;"3304557"
"RJ";"Rio de Janeiro";"Freguesia (Jacarepaguá)";"22753045";"Rua Francisco Dantas";-22,9465657;-43,3406704;20,1;21;"3304557"
"RJ";"Rio de Janeiro";"Jacarepaguá";"22753212";"Estrada de Jacarepaguá";-22,9762639;-43,3255988;19,1;21;"3304557"
NA;NA;NA;NA;NA;NA;NA;NA;NA;NA
NA;NA;NA;NA;NA;NA;NA;NA;NA;NA
"RJ";"Rio de Janeiro";"Freguesia (Jacarepaguá)";"22760000";"Rua Francisca Sales";-22,9354008;-43,3446834;34,1;21;"3304557"
"RJ";"Rio de Janeiro";"Freguesia (Jacarepaguá)";"22760060";"Travessa Cunha Galvão";-22,9364513;-43,3492735;34,9;21;"3304557"
"RJ";"Rio de Janeiro";"Freguesia (Jacarepaguá)";"22760080";"Rua Mamoré";-22,9382179;-43,3430944;29,2;21;"3304557"
"RJ";"Rio de Janeiro";"Freguesia (Jacarepaguá)";"22760400";"Avenida Geremário Dantas";-22,9348995;-43,3360471;33;21;"3304557"
NA;NA;NA;NA;NA;NA;NA;NA;NA;NA
NA;NA;NA;NA;NA;NA;NA;NA;NA;NA
"RJ";"Rio de Janeiro";"Anil";"22765240";"Estrada do Engenho D'Agua";-22,9570732;-43,3442035;10,6;21;"3304557"
"RJ";"Rio de Janeiro";"Gardênia Azul";"22765430";"Avenida Canal do Anil";-22,9642213;-43,3462955;7,8;21;"3304557"
NA;NA;NA;NA;NA;NA;NA;NA;NA;NA
NA;NA;NA;NA;NA;NA;NA;NA;NA;NA
"RJ";"Rio de Janeiro";"Pechincha";"22770190";"Rua Mirataia";-22,936608;-43,362743;26;21;"3304557"
NA;NA;NA;NA;NA;NA;NA;NA;NA;NA
"RJ";"Rio de Janeiro";"Taquara";"22770331";"Estrada Marechal Miguel Salazar Mendes de Morais";-22,9230494;-43,3739788;19,7;21;"3304557"
"RJ";"Rio de Janeiro";"Pechincha";"22770580";"Rua Caniu";-22,940022;-43,3598275;12,4;21;"3304557"
"RJ";"Rio de Janeiro";"Barra da Tijuca";"22775039";"Avenida Embaixador Abelardo Bueno";-23,0003709;-43,365895;8;21;"3304557"
"RJ";"Rio de Janeiro";"Barra da Tijuca";"22775040";"Avenida Embaixador Abelardo Bueno";-22,9727518094;-43,3884886319;2;21;"3304557"
"RJ";"Rio de Janeiro";"Jacarepaguá";"22775048";"Rua Franco Zampari";-22,9681736;-43,3907025;5;21;"3304557"
"RJ";"Rio de Janeiro";"Jacarepaguá";"22775060";"Rua Aroazes";-22,9709726;-43,3934109;7,2;21;"3304557"
"RJ";"Rio de Janeiro";"Jacarepaguá";"22775090";"Estrada Coronel Pedro Corrêa";-22,9667236;-43,3903405;4,6;21;"3304557"
"RJ";"Rio de Janeiro";"Jacarepaguá";"22775120";"Rua Francisco de Paula";-22,9696181;-43,3960963;4,9;21;"3304557"
"RJ";"Rio de Janeiro";"Jacarepaguá";"22775130";"Avenida Jaime Poggi";-22,9682054;-43,3908834;4,9;21;"3304557"
"RJ";"Rio de Janeiro";"Jacarepaguá";"22775150";"Rua Leonardo Vilasboas";-22,9663834;-43,3926647;4,4;21;"3304557"
"RJ";"Rio de Janeiro";"Jacarepaguá";"22775170";"Rua Queiros Júnior";-22,9707026;-43,3942496;9;21;"3304557"
"RJ";"Rio de Janeiro";"Curicica";"22775971";"Estrada dos Bandeirantes 5036 Loja 4";-22,9596277;-43,3889349;8,2;21;"3304557"
"RJ";"Rio de Janeiro";"Barra da Tijuca";"22776000";"Avenida das Acácias da Península";-22,9890425;-43,3550702;3,9;21;"3304557"
"RJ";"Rio de Janeiro";"Barra da Tijuca";"22776040";"Rua das Bromélias da Península";-23,0003709;-43,365895;8;21;"3304557"
"RJ";"Rio de Janeiro";"Barra da Tijuca";"22776090";"Rua Bauhíneas da Península";-22,987869;-43,3570987;4,3;21;"3304557"
"RJ";"Rio de Janeiro";"Jacarepaguá";"22780070";"Estrada de Camorim";-22,969439;-43,4263173;42,2;21;"3304557"
"RJ";"Rio de Janeiro";"Jacarepaguá";"22780080";"Estrada dos Bandeirantes";-22,9599935;-43,3882767;8,9;21;"3304557"
NA;NA;NA;NA;NA;NA;NA;NA;NA;NA
"RJ";"Rio de Janeiro";"Curicica";"22780083";"Estrada dos Bandeirantes";-22,9602072;-43,3907552;9,6;21;"3304557"
"RJ";"Rio de Janeiro";"Jacarepaguá";"22780084";"Estrada dos Bandeirantes";-22,9632958;-43,4048371;8,2;21;"3304557"
"RJ";"Rio de Janeiro";"Jacarepaguá";"22780085";"Estrada dos Bandeirantes";-22,9633027;-43,4029988;10;21;"3304557"
"RJ";"Rio de Janeiro";"Jacarepaguá";"22780160";"Avenida Salvador Allende";-22,9666452;-43,39682;7,3;21;"3304557"
"RJ";"Rio de Janeiro";"Curicica";"22780760";"Rua Goianinha";-22,9508621;-43,3806036;12;21;"3304557"
NA;NA;NA;NA;NA;NA;NA;NA;NA;NA
NA;NA;NA;NA;NA;NA;NA;NA;NA;NA
NA;NA;NA;NA;NA;NA;NA;NA;NA;NA
"RJ";"Rio de Janeiro";"Jacarepaguá";"22783110";"Estrada dos Bandeirantes";-22,9690097;-43,4136703;9,5;21;"3304557"
"RJ";"Rio de Janeiro";"Camorim";"22783116";"Estrada dos Bandeirantes";-22,9762486;-43,4157604;10,5;21;"3304557"
"RJ";"Rio de Janeiro";"Vargem Pequena";"22783117";"Estrada dos Bandeirantes";-22,9861255;-43,4317835;8,5;21;"3304557"
"RJ";"Rio de Janeiro";"Vargem Pequena";"22783118";"Estrada dos Bandeirantes";-22,9823306;-43,4655942;14,2;21;"3304557"
"RJ";"Rio de Janeiro";"Camorim";"22783119";"Avenida Olof Palme";-22,9802216;-43,4139491;5,7;21;"3304557"
"RJ";"Rio de Janeiro";"Barra da Tijuca";"22783127";"Avenida Salvador Allende";-22,9671905238;-43,3963129462;4,2;21;"3304557"
"RJ";"Rio de Janeiro";"Vargem Pequena";"22783220";"Rua Dumontina";-22,9914242;-43,4842391;6,1;21;"3304557"
"RJ";"Rio de Janeiro";"Vargem Pequena";"22783240";"Estrada José Duarte";-22,9852299;-43,4686657;7;21;"3304557"
"RJ";"Rio de Janeiro";"Vargem Pequena";"22783560";"Rua Daniel Barreto dos Santos";-22,9931712;-43,4514227;5,4;21;"3304557"
"RJ";"Rio de Janeiro";"Vargem Grande";"22785190";"Rua Santa América";-22,9863496;-43,4935498;10,2;21;"3304557"
NA;NA;NA;NA;NA;NA;NA;NA;NA;NA
"RJ";"Rio de Janeiro";"Vargem Grande";"22785590";"Rua Esperança";-22,9824888;-43,4920126;12;21;"3304557"
"RJ";"Rio de Janeiro";"Vargem Grande";"22785595";"Rua Mário Lisboa de Carvalho";-22,9833453;-43,4943266;10;21;"3304557"
"RJ";"Rio de Janeiro";"Vargem Grande";"22785600";"Rua Manhuaçu";-22,9810134;-43,4950168;14,5;21;"3304557"
"RJ";"Rio de Janeiro";"Vargem Grande";"22785620";"Estrada Vereador Alceu de Carvalho";-23,0086206;-43,4933431;3,7;21;"3304557"
"RJ";"Rio de Janeiro";"Recreio dos Bandeirantes";"22790022";"Rua Raul da Cunha Ribeiro";-23,0162428;-43,4512942;11;21;"3304557"
"RJ";"Rio de Janeiro";"Recreio dos Bandeirantes";"22790040";"Rua Rabino Henrique Lemle";-23,0158155;-43,4519914;11,4;21;"3304557"
NA;NA;NA;NA;NA;NA;NA;NA;NA;NA
"RJ";"Rio de Janeiro";"Recreio dos Bandeirantes";"22790071";"Avenida Genaro de Carvalho";-23,0136663;-43,4634068;11,7;21;"3304557"
"RJ";"Rio de Janeiro";"Recreio dos Bandeirantes";"22790072";"Avenida Genaro de Carvalho";-23,0132674;-43,446385;10,8;21;"3304557"
"RJ";"Rio de Janeiro";"Recreio dos Bandeirantes";"22790080";"Rua Agenor Rabelo";-23,0168786;-43,4501899;11,2;21;"3304557"
"RJ";"Rio de Janeiro";"Recreio dos Bandeirantes";"22790090";"Rua Zeferino de Faria";-23,0150587;-43,4486506;10,4;21;"3304557"
"RJ";"Rio de Janeiro";"Recreio dos Bandeirantes";"22790147";"Rua Jorge Emílio Fontenelle";-23,0145274;-43,4541111;14;21;"3304557"
"RJ";"Rio de Janeiro";"Recreio dos Bandeirantes";"22790150";"Rua Gustavo Corção";-23,0141428;-43,4556068;13;21;"3304557"
"RJ";"Rio de Janeiro";"Recreio dos Bandeirantes";"22790160";"Rua Guilherme Baptista";-23,0134275;-43,4557713;14;21;"3304557"
"RJ";"Rio de Janeiro";"Recreio dos Bandeirantes";"22790170";"Rua Coronel João Olintho";-23,0130485;-43,4571857;12,9;21;"3304557"
"RJ";"Rio de Janeiro";"Recreio dos Bandeirantes";"22790200";"Avenida Guignard";-23,0121247;-43,4500097;14;21;"3304557"
"RJ";"Rio de Janeiro";"Recreio dos Bandeirantes";"22790220";"Rua Artur Possolo";-23,011581;-43,4452914;12,1;21;"3304557"
"RJ";"Rio de Janeiro";"Recreio dos Bandeirantes";"22790230";"Rua Odilon Martins de Andrade";-23,0111247;-43,4465413;12,8;21;"3304557"
"RJ";"Rio de Janeiro";"Recreio dos Bandeirantes";"22790280";"Rua General Orlando Geisel";-23,0134361;-43,453145;14,6;21;"3304557"
"RJ";"Rio de Janeiro";"Recreio dos Bandeirantes";"22790285";"Rua Maurício da Costa Faria";-23,010663;-43,4477749;13,1;21;"3304557"
NA;NA;NA;NA;NA;NA;NA;NA;NA;NA
"RJ";"Rio de Janeiro";"Recreio dos Bandeirantes";"22790400";"Rua Malba Tahan";-23,0160367;-43,4622908;12,2;21;"3304557"
"RJ";"Rio de Janeiro";"Recreio dos Bandeirantes";"22790410";"Rua Vicente Scofano";-23,0158053;-43,4619228;12,1;21;"3304557"
"RJ";"Rio de Janeiro";"Recreio dos Bandeirantes";"22790430";"Rua Almirante Ary Rongel";-23,0180949;-43,4713719;13,2;21;"3304557"
"RJ";"Rio de Janeiro";"Recreio dos Bandeirantes";"22790460";"Praça Carlos Gardel";-23,0172355;-43,4697534;13,2;21;"3304557"
"RJ";"Rio de Janeiro";"Recreio dos Bandeirantes";"22790465";"Rua Professora Luiza Nogueira Gonçalves";-23,0066076;-43,4437088;10;21;"3304557"
"RJ";"Rio de Janeiro";"Recreio dos Bandeirantes";"22790470";"Rua Ismael Silva";-23,0153925;-43,4694643;11,7;21;"3304557"
"RJ";"Rio de Janeiro";"Barra da Tijuca";"22790495";"Rua Servidão G";-23,010483;-43,4626488;9;21;"3304557"
"RJ";"Rio de Janeiro";"Recreio dos Bandeirantes";"22790530";"Rua São Francisco de Assis";-23,0198288;-43,4750152;11,8;21;"3304557"
"RJ";"Rio de Janeiro";"Recreio dos Bandeirantes";"22790540";"Rua Desembargador Paulo Alonso";-23,0189912;-43,4775046;15,6;21;"3304557"
"RJ";"Rio de Janeiro";"Recreio dos Bandeirantes";"22790550";"Rua Ministro Aliomar Baleeiro";-23,0180961;-43,4775055;13,7;21;"3304557"
"RJ";"Rio de Janeiro";"Recreio dos Bandeirantes";"22790560";"Rua Sérgio Branco Soares";-23,0136663;-43,4634068;11,7;21;"3304557"
"RJ";"Rio de Janeiro";"Recreio dos Bandeirantes";"22790570";"Avenida Gilka Machado";-23,0136663;-43,4634068;11,7;21;"3304557"
"RJ";"Rio de Janeiro";"Recreio dos Bandeirantes";"22790580";"Rua Manoel Boucher Pinto";-23,0210341;-43,4803829;12,5;21;"3304557"
"RJ";"Rio de Janeiro";"Recreio dos Bandeirantes";"22790620";"Rua Linda Batista";-23,0218632;-43,4835943;8,2;21;"3304557"
"RJ";"Rio de Janeiro";"Recreio dos Bandeirantes";"22790669";"Avenida Tim Maia";-23,0030948;-43,4837867;3,8;21;"3304557"
"RJ";"Rio de Janeiro";"Recreio dos Bandeirantes";"22790670";"Rua Doutor Crespo";-23,0127455;-43,4757356;3,4;21;"3304557"
"RJ";"Rio de Janeiro";"Recreio dos Bandeirantes";"22790671";"Rua Silvia Pozzano";-23,0061004;-43,4825841;3,8;21;"3304557"
"RJ";"Rio de Janeiro";"Recreio dos Bandeirantes";"22790675";"Rua Sandro Moreira";-23,0198672;-43,483141;8,4;21;"3304557"
"RJ";"Rio de Janeiro";"Recreio dos Bandeirantes";"22790682";"Avenida Miguel Antônio Fernandes";-23,0094427;-43,4781804;4,1;21;"3304557"
"RJ";"Rio de Janeiro";"Recreio dos Bandeirantes";"22790700";"Rua Leônidas do Amaral Araújo";-23,0128406;-43,4791237;5;21;"3304557"
"RJ";"Rio de Janeiro";"Recreio dos Bandeirantes";"22790701";"Avenida das Américas";-23,0141711;-43,4664603;13,2;21;"3304557"
"RJ";"Rio de Janeiro";"Recreio dos Bandeirantes";"22790707";"Avenida Aldemir Martins";-23,0035573;-43,4397724;2;21;"3304557"
"RJ";"Rio de Janeiro";"Recreio dos Bandeirantes";"22790710";"Avenida Alfredo Balthazar da Silveira";-23,0150497;-43,4473918;8,6;21;"3304557"
"RJ";"Rio de Janeiro";"Recreio dos Bandeirantes";"22790877";"Estrada do Pontal";-23,0249208;-43,5010964;15,3;21;"3304557"
"RJ";"Rio de Janeiro";"Recreio dos Bandeirantes";"22790880";"Rua Luiz Carlos Sarolli";-23,0223177;-43,5099364;3;21;"3304557"
"RJ";"Rio de Janeiro";"Recreio dos Bandeirantes";"22790883";"Rua Teixeira Heizer";-23,0102457;-43,4625868;8,5;21;"3304557"
"RJ";"Rio de Janeiro";"Recreio dos Bandeirantes";"22790900";"Estrada Benvindo de Novaes 2555";-23,0165974;-43,464355;11,1;21;"3304557"
"RJ";"Rio de Janeiro";"Barra da Tijuca";"22793082";"Avenida das Américas";-23,0007132;-43,4148201;8,6;21;"3304557"
"RJ";"Rio de Janeiro";"Barra da Tijuca";"22793100";"Avenida Rachel de Queiroz";-22,9924288;-43,3775166;3,1;21;"3304557"
"RJ";"Rio de Janeiro";"Barra da Tijuca";"22793312";"Avenida Cândido Portinari";-22,9973822;-43,4088247;6,6;21;"3304557"
"RJ";"Rio de Janeiro";"Barra da Tijuca";"22793319";"Avenida Rosauro Estellita";-22,9973379;-43,4049176;7,2;21;"3304557"
"RJ";"Rio de Janeiro";"Barra da Tijuca";"22795006";"Avenida Lúcio Costa";-23,0106091;-43,3651094;14,6;21;"3304557"
"RJ";"Rio de Janeiro";"Recreio dos Bandeirantes";"22795008";"Avenida Lúcio Costa";-23,0226592;-43,4490462;10,4;21;"3304557"
"RJ";"Rio de Janeiro";"Recreio dos Bandeirantes";"22795026";"Rua Zelio Valverde";-23,0281925;-43,4806393;6,1;21;"3304557"
"RJ";"Rio de Janeiro";"Recreio dos Bandeirantes";"22795045";"Rua José Américo de Almeida";-23,0224345;-43,4539367;11,5;21;"3304557"
"RJ";"Rio de Janeiro";"Recreio dos Bandeirantes";"22795050";"Rua Geraldo Irênio Joffily";-23,0292864;-43,4773063;12,9;21;"3304557"
"RJ";"Rio de Janeiro";"Recreio dos Bandeirantes";"22795076";"Rua Tieta do Agreste";-23,0214328;-43,485679;8,6;21;"3304557"
"RJ";"Rio de Janeiro";"Recreio dos Bandeirantes";"22795078";"Avenida Genaro de Carvalho";-23,0136663;-43,4634068;11,7;21;"3304557"
"RJ";"Rio de Janeiro";"Recreio dos Bandeirantes";"22795080";"Rua Presidente Nereu Ramos";-23,0263869;-43,46365;11,6;21;"3304557"
"RJ";"Rio de Janeiro";"Recreio dos Bandeirantes";"22795090";"Rua Demosthenes Madureira de Pinho";-23,0252593;-43,4630099;12;21;"3304557"
"RJ";"Rio de Janeiro";"Recreio dos Bandeirantes";"22795110";"Rua Desembargador Oscar Tenório";-23,0257594;-43,4639112;13,3;21;"3304557"
"RJ";"Rio de Janeiro";"Recreio dos Bandeirantes";"22795165";"Rua Marechal Olympio Falconiere";-23,0244276;-43,4599741;14,2;21;"3304557"
NA;NA;NA;NA;NA;NA;NA;NA;NA;NA
"RJ";"Rio de Janeiro";"Recreio dos Bandeirantes";"22795200";"Rua Henrique Stamile Coutinho";-23,0202028;-43,464254;10,4;21;"3304557"
"RJ";"Rio de Janeiro";"Recreio dos Bandeirantes";"22795225";"Rua Mário Faustino";-23,0195245;-43,4617929;10,5;21;"3304557"
"RJ";"Rio de Janeiro";"Recreio dos Bandeirantes";"22795250";"Rua Antero Manoel de Sá Filho";-23,0250613;-43,4905625;7;21;"3304557"
"RJ";"Rio de Janeiro";"Recreio dos Bandeirantes";"22795255";"Rua Murilo de Araújo";-23,018924;-43,4628771;12,5;21;"3304557"
"RJ";"Rio de Janeiro";"Recreio dos Bandeirantes";"22795260";"Rua Humberto Cozzo";-23,0178748;-43,4615768;10;21;"3304557"
"RJ";"Rio de Janeiro";"Recreio dos Bandeirantes";"22795285";"Rua Le Corbusier";-23,0247169;-43,4872852;6;21;"3304557"
"RJ";"Rio de Janeiro";"Recreio dos Bandeirantes";"22795290";"Avenida Ailton Henrique da Costa";-23,0233363;-43,4853633;9,7;21;"3304557"
"RJ";"Rio de Janeiro";"Recreio dos Bandeirantes";"22795300";"Rua Cláudio Abramo";-23,0236584;-43,4870232;8,4;21;"3304557"
"RJ";"Rio de Janeiro";"Recreio dos Bandeirantes";"22795310";"Rua Gelse Paciello da Motta";-23,0136663;-43,4634068;11,7;21;"3304557"
"RJ";"Rio de Janeiro";"Recreio dos Bandeirantes";"22795315";"Rua Salvador de Mesquita";-23,0182937;-43,457309;10,4;21;"3304557"
"RJ";"Rio de Janeiro";"Recreio dos Bandeirantes";"22795320";"Rua Clementina de Jesus";-23,0242875;-43,4846307;7,3;21;"3304557"
"RJ";"Rio de Janeiro";"Recreio dos Bandeirantes";"22795325";"Rua Roberval Cordeiro de Farias";-23,0175173;-43,457172;7,8;21;"3304557"
"RJ";"Rio de Janeiro";"Recreio dos Bandeirantes";"22795380";"Rua Albano de Carvalho";-23,021103;-43,4733618;11,7;21;"3304557"
"RJ";"Rio de Janeiro";"Recreio dos Bandeirantes";"22795390";"Rua Alberto Bianchi";-23,022825;-43,4798347;10,2;21;"3304557"
"RJ";"Rio de Janeiro";"Recreio dos Bandeirantes";"22795395";"Rua Cecília Meireles";-23,014979;-43,461902;15,1;21;"3304557"
"RJ";"Rio de Janeiro";"Recreio dos Bandeirantes";"22795410";"Rua General Landri Gonçalves";-23,0229163;-43,4775353;10;21;"3304557"
"RJ";"Rio de Janeiro";"Recreio dos Bandeirantes";"22795430";"Rua Flávio de Aquino";-23,0251844;-43,4851852;5,6;21;"3304557"
"RJ";"Rio de Janeiro";"Recreio dos Bandeirantes";"22795440";"Rua Carlos Galhardo";-23,0184501;-43,4609717;10,5;21;"3304557"
"RJ";"Rio de Janeiro";"Recreio dos Bandeirantes";"22795445";"Avenida Jarbas de Carvalho";-23,0221035;-43,4711466;9,6;21;"3304557"
"RJ";"Rio de Janeiro";"Recreio dos Bandeirantes";"22795450";"Rua Alfredo Mesquita";-23,019845;-43,4604297;9,4;21;"3304557"
"RJ";"Rio de Janeiro";"Recreio dos Bandeirantes";"22795455";"Rua Luiz Paulistano";-23,0218271;-43,4731396;10,3;21;"3304557"
"RJ";"Rio de Janeiro";"Recreio dos Bandeirantes";"22795465";"Rua Joaquim Moreira Neves";-23,0208077;-43,4683931;9,3;21;"3304557"
"RJ";"Rio de Janeiro";"Recreio dos Bandeirantes";"22795491";"Rua Joaquim da Silveira";-23,0199567;-43,4689117;11,7;21;"3304557"
"RJ";"Rio de Janeiro";"Recreio dos Bandeirantes";"22795520";"Rua Leiloeiro Ernani Mello";-23,0136663;-43,4634068;11,7;21;"3304557"
"RJ";"Rio de Janeiro";"Recreio dos Bandeirantes";"22795570";"Avenida Gilka Machado";-23,0136663;-43,4634068;11,7;21;"3304557"
"RJ";"Rio de Janeiro";"Recreio dos Bandeirantes";"22795589";"Avenida Paulo Tapajós";-23,0309669;-43,4768452;9,6;21;"3304557"
"RJ";"Rio de Janeiro";"Recreio dos Bandeirantes";"22795641";"Avenida Henfil";-23,0136663;-43,4634068;11,7;21;"3304557"
"RJ";"Rio de Janeiro";"Recreio dos Bandeirantes";"22795650";"Rua Senador Rui Carneiro";-23,0136663;-43,4634068;11,7;21;"3304557"
NA;NA;NA;NA;NA;NA;NA;NA;NA;NA
"RJ";"Rio de Janeiro";"Recreio dos Bandeirantes";"22795712";"Estrada Benvindo de Novaes";-23,0136663;-43,4634068;11,7;21;"3304557"
"RJ";"Rio de Janeiro";"Recreio dos Bandeirantes";"22795720";"Rua José Affonso Neto";-23,0194408;-43,4666554;11,7;21;"3304557"
"RJ";"Rio de Janeiro";"Recreio dos Bandeirantes";"22795850";"Rua Governador Raul Veiga";-23,0223346;-43,4517747;14,5;21;"3304557"
"RJ";"Rio de Janeiro";"Campo Grande";"23016010";"Rua José Francisco de Sousa Porto";-22,9109573;-43,5379354;31,6;21;"3304557"
"RJ";"Rio de Janeiro";"Campo Grande";"23017000";"Estrada dos Caboclos";-22,9035842;-43,5662438;24,1;21;"3304557"
"RJ";"Rio de Janeiro";"Pedra de Guaratiba";"23026280";"Estrada do Catruz";-22,9923388;-43,6430889;18,4;21;"3304557"
"RJ";"Rio de Janeiro";"Guaratiba";"23030000";"Rua Agostinho de Castro";-22,9738195;-43,5933744;8,8;21;"3304557"
"RJ";"Rio de Janeiro";"Guaratiba";"23032040";"Rua Alões";-22,9658664;-43,650461;17,2;21;"3304557"
"RJ";"Rio de Janeiro";"Campo Grande";"23035380";"Estrada do Magarça";-22,9035842;-43,5662438;24,1;21;"3304557"
"RJ";"Rio de Janeiro";"Guaratiba";"23036060";"Estrada Cabuçu de Baixo";-22,9445101;-43,5820927;12,8;21;"3304557"
"RJ";"Rio de Janeiro";"Guaratiba";"23036085";"Rua Rosada";-22,9433017;-43,5724719;9,3;21;"3304557"
"RJ";"Rio de Janeiro";"Campo Grande";"23036150";"Estrada do Mato Alto";-22,9035842;-43,5662438;24,1;21;"3304557"
"RJ";"Rio de Janeiro";"Guaratiba";"23036300";"Rua General Moreira Lima";-22,9386752;-43,5727724;22,4;21;"3304557"
"RJ";"Rio de Janeiro";"Campo Grande";"23036320";"Rua Eulino Nogueira";-22,9349293;-43,5718549;27,7;21;"3304557"
"RJ";"Rio de Janeiro";"Campo Grande";"23040150";"Estrada Cachamorra";-22,9369905;-43,5580592;23,7;21;"3304557"
"RJ";"Rio de Janeiro";"Campo Grande";"23040550";"Estrada do Moinho";-22,9204325;-43,5425425;26;21;"3304557"
"RJ";"Rio de Janeiro";"Campo Grande";"23042540";"Rua Jorge Sampaio";-22,9400562;-43,5606054;18,1;21;"3304557"
"RJ";"Rio de Janeiro";"Campo Grande";"23042560";"Avenida Mário Pedrosa";-22,9469837;-43,5671563;17,1;21;"3304557"
"RJ";"Rio de Janeiro";"Campo Grande";"23045000";"Rua Avaré";-22,9131576;-43,5617372;32,8;21;"3304557"
"RJ";"Rio de Janeiro";"Campo Grande";"23045030";"Rua Jicara";-22,912755;-43,5604088;28,9;21;"3304557"
"RJ";"Rio de Janeiro";"Campo Grande";"23045060";"Rua Professor Castilho";-22,9100926;-43,5646252;30,7;21;"3304557"
"RJ";"Rio de Janeiro";"Campo Grande";"23045100";"Rua da Flora";-22,9123633;-43,5574759;28,6;21;"3304557"
"RJ";"Rio de Janeiro";"Campo Grande";"23045160";"Rua Olinda Ellis";-22,9035842;-43,5662438;24,1;21;"3304557"
"RJ";"Rio de Janeiro";"Campo Grande";"23045190";"Estrada da Cambota";-22,9167912;-43,5601285;31,1;21;"3304557"
NA;NA;NA;NA;NA;NA;NA;NA;NA;NA
"RJ";"Rio de Janeiro";"Campo Grande";"23050160";"Avenida Maria Teresa";-22,9056628;-43,5660006;26,9;21;"3304557"
"RJ";"Rio de Janeiro";"Campo Grande";"23052110";"Rua José Ferreira";-22,8730923;-43,5702162;23,6;21;"3304557"
"RJ";"Rio de Janeiro";"Campo Grande";"23052230";"Estrada do Cabuçu";-22,9035842;-43,5662438;24,1;21;"3304557"
NA;NA;NA;NA;NA;NA;NA;NA;NA;NA
"RJ";"Rio de Janeiro";"Cosmos";"23056070";"Rua dos Caquizeiros";-22,9217002;-43,6142603;43,9;21;"3304557"
"RJ";"Rio de Janeiro";"Cosmos";"23056610";"Caminho das Amendoeiras";-22,918968;-43,6155283;28,3;21;"3304557"
"RJ";"Rio de Janeiro";"Cosmos";"23056620";"Rua das Amendoeiras";-22,918968;-43,6155283;28,3;21;"3304557"
"RJ";"Rio de Janeiro";"Cosmos";"23056630";"Rua das Amoreiras";-22,9205449;-43,611082;37,1;21;"3304557"
NA;NA;NA;NA;NA;NA;NA;NA;NA;NA
"RJ";"Rio de Janeiro";"Cosmos";"23058001";"Avenida Cesário de Melo";-22,9158494;-43,6158053;31,9;21;"3304557"
"RJ";"Rio de Janeiro";"Cosmos";"23060275";"Caminho da Tutóia";-22,8954421;-43,6033199;27,7;21;"3304557"
"RJ";"Rio de Janeiro";"Cosmos";"23062270";"Rua Nicolino Copia";-22,897689;-43,5987385;24;21;"3304557"
"RJ";"Rio de Janeiro";"Inhoaíba";"23063200";"Rua Professor Paulo Ribeiro";-22,897167;-43,5960559;17,3;21;"3304557"
"RJ";"Rio de Janeiro";"Paciência";"23065490";"Estrada dos Palmares";-22,9202638;-43,6320026;17,9;21;"3304557"
NA;NA;NA;NA;NA;NA;NA;NA;NA;NA
"RJ";"Rio de Janeiro";"Campo Grande";"23067551";"Estrada do Tingui";-22,9035842;-43,5662438;24,1;21;"3304557"
"RJ";"Rio de Janeiro";"Campo Grande";"23068155";"Rua Itaunas";-22,8868529;-43,5970151;13,3;21;"3304557"
"RJ";"Rio de Janeiro";"Campo Grande";"23068225";"Estrada do Encanamento";-22,8574753;-43,5518811;25,5;21;"3304557"
"RJ";"Rio de Janeiro";"Campo Grande";"23070200";"Avenida Manuel Caldeira de Alvarenga";-22,8984456;-43,5823792;17,8;21;"3304557"
"RJ";"Rio de Janeiro";"Campo Grande";"23070220";"Estrada do Campinho";-22,9035842;-43,5662438;24,1;21;"3304557"
"RJ";"Rio de Janeiro";"Campo Grande";"23070600";"Rua Constituinte";-22,8830013;-43,5941161;12,4;21;"3304557"
"RJ";"Rio de Janeiro";"Campo Grande";"23075470";"Rua Vicente Francisco dos Santos";-22,8767676;-43,5699581;29,9;21;"3304557"
"RJ";"Rio de Janeiro";"Campo Grande";"23075530";"Rua José Maurício Melo";-22,8736139;-43,5724147;25,8;21;"3304557"
"RJ";"Rio de Janeiro";"Campo Grande";"23078001";"Avenida Brasil";-22,8556309;-43,4938642;43,9;21;"3304557"
"RJ";"Rio de Janeiro";"Campo Grande";"23078002";"Avenida Brasil";-22,856123;-43,4928774;42,1;21;"3304557"
"RJ";"Rio de Janeiro";"Campo Grande";"23078450";"Estrada do Pedregoso";-22,9035842;-43,5662438;24,1;21;"3304557"
"RJ";"Rio de Janeiro";"Campo Grande";"23085360";"Rua Campo Grande";-22,9035842;-43,5662438;24,1;21;"3304557"
"RJ";"Rio de Janeiro";"Campo Grande";"23087150";"Caminho Foz do Jordão";-22,9035842;-43,5662438;24,1;21;"3304557"
"RJ";"Rio de Janeiro";"Campo Grande";"23088000";"Estrada da Posse";-22,9035842;-43,5662438;24,1;21;"3304557"
"RJ";"Rio de Janeiro";"Campo Grande";"23090040";"Rua Flor da Páscoa";-22,8808866;-43,5625868;39,3;21;"3304557"
NA;NA;NA;NA;NA;NA;NA;NA;NA;NA
"RJ";"Rio de Janeiro";"Campo Grande";"23092002";"Estrada do Mendanha";-22,8730492;-43,5529875;41,1;21;"3304557"
"RJ";"Rio de Janeiro";"Campo Grande";"23092060";"Rua Campina Grande";-22,8728937;-43,5446484;37,1;21;"3304557"
"RJ";"Rio de Janeiro";"Campo Grande";"23092080";"Estrada João Melo";-22,8736303;-43,5483669;44,2;21;"3304557"
"RJ";"Rio de Janeiro";"Campo Grande";"23092205";"Estrada Professor Daltro Santos";-22,8810326;-43,5512642;33,7;21;"3304557"
"RJ";"Rio de Janeiro";"Santíssimo";"23094350";"Rua Itaque";-22,8725434;-43,5224977;37,7;21;"3304557"
"RJ";"Rio de Janeiro";"Campo Grande";"23095760";"Rua Antônio Carlos de Paiva";-22,857956;-43,5384614;26,8;21;"3304557"
"RJ";"Rio de Janeiro";"Santa Cruz";"23510200";"Rua Cruvelo Cavalcanti";-22,9215505;-43,6773526;9,6;21;"3304557"
NA;NA;NA;NA;NA;NA;NA;NA;NA;NA
"RJ";"Rio de Janeiro";"Santa Cruz";"23520241";"Estrada da Pedra";-22,9196515;-43,6843877;30,5;21;"3304557"
"RJ";"Rio de Janeiro";"Santa Cruz";"23520400";"Rua Aporuna";-22,9448805;-43,6459358;25,2;21;"3304557"
"RJ";"Rio de Janeiro";"Santa Cruz";"23520520";"Rua Ibirarema";-22,9496628;-43,6435125;28,4;21;"3304557"
"RJ";"Rio de Janeiro";"Santa Cruz";"23520560";"Estrada Santa Eugênia";-22,9196515;-43,6843877;30,5;21;"3304557"
"RJ";"Rio de Janeiro";"Santa Cruz";"23520660";"Estrada de Sepetiba";-22,9196515;-43,6843877;30,5;21;"3304557"
"RJ";"Rio de Janeiro";"Santa Cruz";"23555100";"Rua dos Jesuítas";-22,9152987;-43,6922216;7,2;21;"3304557"
"RJ";"Rio de Janeiro";"Santa Cruz";"23570210";"Rua Gabriel Bernardes";-22,9130396;-43,6837951;16,6;21;"3304557"
"RJ";"Rio de Janeiro";"Santa Cruz";"23575000";"Avenida Padre Guilherme Decaminada";-22,8983081;-43,6785794;12,6;21;"3304557"
"RJ";"Rio de Janeiro";"Santa Cruz";"23575195";"Rua Sales";-22,8948856;-43,682013;6,8;21;"3304557"
NA;NA;NA;NA;NA;NA;NA;NA;NA;NA
"RJ";"Rio de Janeiro";"Santa Cruz";"23575970";"Avenida Padre Guilherme Decaminada 2385 Loja 2";-22,8857101;-43,669437;10,6;21;"3304557"
"RJ";"Rio de Janeiro";"Paciência";"23580250";"Estrada da Paciência";-22,9202638;-43,6320026;17,9;21;"3304557"
"RJ";"Rio de Janeiro";"Paciência";"23585430";"Estrada Santa Eugênia";-22,9202638;-43,6320026;17,9;21;"3304557"
"RJ";"Rio de Janeiro";"Paciência";"23585808";"Avenida do Contorno";-22,9239619;-43,6380301;14,8;21;"3304557"
NA;NA;NA;NA;NA;NA;NA;NA;NA;NA
"RJ";"Niterói";"Centro";"24020206";"Rua Visconde de Sepetiba";-22,8895663;-43,1191126;12,3;21;"3303302"
"RJ";"Niterói";"Centro";"24030082";"Rua Visconde do Uruguai";-22,8851426;-43,1232272;13,5;21;"3303302"
"RJ";"Niterói";"Centro";"24030092";"Rua Visconde de Itaboraí";-22,8843738;-43,1224032;12,3;21;"3303302"
"RJ";"Niterói";"Centro";"24030110";"Rua Barão do Amazonas";-22,8896745;-43,1203645;11;21;"3303302"
"RJ";"Niterói";"Centro";"24030111";"Rua Barão do Amazonas";-22,8896745;-43,1203645;11;21;"3303302"
"RJ";"Niterói";"Centro";"24030230";"Rua Professor Heitor Carrilho";-22,8864957;-43,1180525;10,4;21;"3303302"
"RJ";"Niterói";"Fátima";"24070035";"Rua Princesa Isabel";-22,8940693;-43,1117553;47,9;21;"3303302"
"RJ";"Niterói";"Barreto";"24110650";"Rua Doutor March";-22,8684818;-43,1077768;36,2;21;"3303302"
"RJ";"Niterói";"Fonseca";"24120191";"Alameda São Boaventura";-22,8810491;-43,0990106;18,9;21;"3303302"
"RJ";"Niterói";"Fonseca";"24120350";"Rua Desembargador Lima Castro";-22,8858587;-43,0863156;37,9;21;"3303302"
"RJ";"Niterói";"Fonseca";"24130070";"Rua Rúbens Brasil";-22,8802621;-43,1004266;17,4;21;"3303302"
"RJ";"Niterói";"Fonseca";"24130307";"Travessa Proto Guerra";-22,8744965;-43,0808043;62,8;21;"3303302"
"RJ";"Niterói";"Santa Bárbara";"24141560";"Rua Pastor Luter King";-22,8730704;-43,0476755;77,7;21;"3303302"
"RJ";"Niterói";"São Domingos";"24210130";"Rua Professor Hernani Melo";-22,8985302;-43,127087;16,1;21;"3303302"
"RJ";"Niterói";"Ingá";"24210431";"Rua Pereira Nunes";-22,903747;-43,1232069;22,8;21;"3303302"
"RJ";"Niterói";"Ingá";"24210470";"Rua Presidente Pedreira";-22,9035225;-43,1249198;19;21;"3303302"
"RJ";"Niterói";"Ingá";"24210510";"Rua Tiradentes";-22,9013554;-43,1246407;28;21;"3303302"
"RJ";"Niterói";"Icaraí";"24220020";"Rua Álvares de Azevedo";-22,9018402;-43,1121139;20,3;21;"3303302"
"RJ";"Niterói";"Icaraí";"24220030";"Rua General Pereira da Silva";-22,9022941;-43,1107371;19,6;21;"3303302"
"RJ";"Niterói";"Icaraí";"24220045";"Rua Presidente Backer";-22,9023695;-43,108985;14,8;21;"3303302"
"RJ";"Niterói";"Icaraí";"24220090";"Rua Domingues de Sá";-22,9030993;-43,1044018;16,1;21;"3303302"
"RJ";"Niterói";"Icaraí";"24220110";"Rua Cinco de Julho";-22,9037951;-43,1036644;13,8;21;"3303302"
"RJ";"Niterói";"Icaraí";"24220111";"Rua Cinco de Julho";-22,9037951;-43,1036644;13,8;21;"3303302"
"RJ";"Niterói";"Icaraí";"24220120";"Rua Mariz e Barros";-22,9062225;-43,1046138;16,8;21;"3303302"
"RJ";"Niterói";"Icaraí";"24220150";"Travessa Francisco Dutra";-22,907257;-43,1009706;12;21;"3303302"
"RJ";"Niterói";"Icaraí";"24220261";"Rua Mem de Sá";-22,9018773;-43,1102899;20;21;"3303302"
"RJ";"Niterói";"Icaraí";"24220320";"Rua Nóbrega";-22,9033918;-43,1033983;12,5;21;"3303302"
"RJ";"Niterói";"Icaraí";"24220330";"Rua Presidente João Pessoa";-22,902791;-43,1025859;15,5;21;"3303302"
"RJ";"Niterói";"Icaraí";"24220370";"Rua Doutor Leandro Mota";-22,9035778;-43,1017811;14,3;21;"3303302"
"RJ";"Niterói";"Icaraí";"24220390";"Travessa Dom Bosco";-22,9058201;-43,0990104;11,2;21;"3303302"
"RJ";"Niterói";"Icaraí";"24230000";"Avenida Jornalista Alberto Francisco Torres";-22,9043971;-43,1093638;17,7;21;"3303302"
"RJ";"Niterói";"Icaraí";"24230131";"Rua Lemos Cunha";-22,9076445;-43,1040833;18,1;21;"3303302"
"RJ";"Niterói";"Icaraí";"24230152";"Avenida Roberto Silveira";-22,9040666;-43,1058629;14,6;21;"3303302"
"RJ";"Niterói";"Icaraí";"24230153";"Avenida Roberto Silveira";-22,9043971;-43,1093638;17,7;21;"3303302"
"RJ";"Niterói";"Icaraí";"24230210";"Rua Osvaldo Cruz";-22,9092119;-43,109539;25,8;21;"3303302"
"RJ";"Niterói";"Icaraí";"24230220";"Rua Comendador Queiroz";-22,9108779;-43,1081757;23,1;21;"3303302"
"RJ";"Niterói";"Icaraí";"24230240";"Rua Professor Miguel Couto";-22,9016428;-43,1043831;16;21;"3303302"
"RJ";"Niterói";"Icaraí";"24230250";"Avenida Sete de Setembro";-22,9043971;-43,1093638;17,7;21;"3303302"
"RJ";"Niterói";"Icaraí";"24230310";"Rua Doutor Carlos Halfeld";-22,9081836;-43,1035212;11,4;21;"3303302"
"RJ";"Niterói";"Icaraí";"24230322";"Avenida Almirante Ary Parreiras";-22,9043971;-43,1093638;17,7;21;"3303302"
"RJ";"Niterói";"Vital Brazil";"24230360";"Rua Graciliano Ramos";-22,9041394;-43,0980293;11;21;"3303302"
"RJ";"Niterói";"Vital Brazil";"24230410";"Rua Maestro José Botelho";-22,9058879;-43,0956582;12,2;21;"3303302"
"RJ";"Niterói";"Icaraí";"24230540";"Rua Joaquim Távora";-22,9114364;-43,1054279;26;21;"3303302"
"RJ";"Niterói";"Icaraí";"24230541";"Rua Joaquim Távora";-22,9114364;-43,1054279;26;21;"3303302"
"RJ";"Niterói";"Santa Rosa";"24240000";"Rua Doutor Paulo César";-22,8987588;-43,0985184;16,5;21;"3303302"
"RJ";"Niterói";"Santa Rosa";"24240181";"Rua Noronha Torrezão";-22,8987588;-43,0985184;16,5;21;"3303302"
"RJ";"Niterói";"Santa Rosa";"24240182";"Rua Noronha Torrezão";-22,8987588;-43,0985184;16,5;21;"3303302"
"RJ";"Niterói";"Santa Rosa";"24240210";"Rua Vereador Duque Estrada";-22,8987588;-43,0985184;16,5;21;"3303302"
"RJ";"Niterói";"Santa Rosa";"24240460";"Rua Siqueira Campos";-22,9003542;-43,0980914;22,7;21;"3303302"
"RJ";"Niterói";"Santa Rosa";"24240480";"Rua Padre Emílio Miotti";-22,9003793;-43,0965525;36,9;21;"3303302"
"RJ";"Niterói";"Santa Rosa";"24240660";"Rua Doutor Sardinha";-22,8988932;-43,0982543;16,5;21;"3303302"
"RJ";"Niterói";"Santa Rosa";"24240670";"Rua Professor Otacílio";-22,8986844;-43,0995659;16,1;21;"3303302"
"RJ";"Niterói";"Santa Rosa";"24240680";"Rua Nossa Senhora Auxiliadora";-22,8993334;-43,0975068;18,8;21;"3303302"
"RJ";"Niterói";"Santa Rosa";"24240971";"Rua Noronha Torrezão 157";-22,8960953;-43,1003509;23;21;"3303302"
"RJ";"Niterói";"Santa Rosa";"24241000";"Rua Doutor Mário Viana";-22,8987588;-43,0985184;16,5;21;"3303302"
"RJ";"Niterói";"Santa Rosa";"24241030";"Travessa Santa Rosa do Viterbo";-22,9033031;-43,0942644;20,3;21;"3303302"
"RJ";"Niterói";"Largo da Batalha";"24310340";"Estrada Francisco da Cruz Nunes";-22,9086603;-43,0636761;107,1;21;"3303302"
"RJ";"Niterói";"Cantagalo";"24310620";"Rua Manoel Pacheco de Carvalho";-22,9421902;-43,0546672;12,3;21;"3303302"
"RJ";"Niterói";"Largo da Batalha";"24315215";"Rua Comandante Minervino";-22,9057046;-43,0692625;110,8;21;"3303302"
"RJ";"Niterói";"Sapê";"24315375";"Estrada Washington Luís";-22,8978838;-43,0602961;105,5;21;"3303302"
"RJ";"Niterói";"Badu";"24320050";"Rua Carvalho Paiva";-22,906881;-43,0453623;131,5;21;"3303302"
"RJ";"Niterói";"Badu";"24320570";"Estrada Caetano Monteiro";-22,8952902;-43,0385015;49,6;21;"3303302"
"RJ";"Niterói";"Badu";"24320970";"Estrada Caetano Monteiro 701 Loja 102";-22,9063219;-43,0560417;100,5;21;"3303302"
"RJ";"Niterói";"Vila Progresso";"24322000";"Rua Chile";-22,8961998;-43,0364129;69,2;21;"3303302"
"RJ";"Niterói";"Mata Paca";"24322095";"Rua Paul Gauguin";-22,8904056;-43,0298962;50,9;21;"3303302"
"RJ";"Niterói";"Vila Progresso";"24322140";"Rua Le Corbusier";-22,8883918;-43,026912;61,9;21;"3303302"
"RJ";"Niterói";"Badu";"24322310";"Rua Carolina Alves";-22,9090366;-43,0603762;116,4;21;"3303302"
"RJ";"Niterói";"Vila Progresso";"24322385";"Avenida Nelson de Oliveira e Silva";-22,8996793;-43,0378317;55,4;21;"3303302"
"RJ";"Niterói";"Maria Paula";"24325330";"Estrada Velha de Maricá";-22,8762548;-43,0330824;35,8;21;"3303302"
"RJ";"Niterói";"Rio do Ouro";"24330060";"Rua Senador Fernandes da Cunha";-22,8957892;-42,9928971;78,5;21;"3303302"
"RJ";"Niterói";"Itaipu";"24340000";"Estrada Francisco da Cruz Nunes";-22,9400617;-43,0473346;11,6;21;"3303302"
"RJ";"Niterói";"Itaipu";"24340105";"Avenida Central Ewerton Xavier";-22,929466;-43,0149078;24;21;"3303302"
"RJ";"Niterói";"Maravista";"24342410";"Rua Astor da Costa Menezes";-22,9380065;-43,0323624;23,3;21;"3303302"
"RJ";"Niterói";"Serra Grande";"24342665";"Rua Quarenta e Um";-22,931858;-43,0219603;32,8;21;"3303302"
"RJ";"Niterói";"Engenho do Mato";"24344125";"Rua Doutor João Baptista Leal";-22,9452304;-43,0166762;36,2;21;"3303302"
"RJ";"Niterói";"Camboinhas";"24346030";"Avenida Doutor Geraldo de Melo Ourivio";-22,9581423;-43,0617123;13,5;21;"3303302"
"RJ";"Niterói";"Itaipu";"24346072";"Rua Samuel Wainer Filho";-22,9561305;-43,0291246;5,9;21;"3303302"
"RJ";"Niterói";"Itaipu";"24346170";"Rua Samuel Wainer Filho";-22,9594475;-43,0306971;6,4;21;"3303302"
"RJ";"Niterói";"Itaipu";"24346190";"Rua São Sebastião";-22,9561305;-43,0291246;5,9;21;"3303302"
"RJ";"Niterói";"Itaipu";"24346200";"Rua Scylla Souza Ribeiro";-22,9569044;-43,026952;15,8;21;"3303302"
"RJ";"Niterói";"Jacaré";"24350200";"Estrada Frei Orlando";-22,9269529;-43,0405496;38,7;21;"3303302"
"RJ";"Niterói";"Piratininga";"24350211";"Rua Pietro Farsoun";-22,953943;-43,0734134;13,8;21;"3303302"
"RJ";"Niterói";"Piratininga";"24350232";"Rua Doutor Ernani Luiz da Cunha";-22,9532443;-43,0786574;11,2;21;"3303302"
"RJ";"Niterói";"Piratininga";"24350252";"Rua Jornalista Prudêncio Luiz Ferreira Travassos";-22,9533882;-43,0781217;12,2;21;"3303302"
"RJ";"Niterói";"Piratininga";"24350360";"Rua Roma";-22,9354234;-43,0677675;12,3;21;"3303302"
"RJ";"Niterói";"Piratininga";"24350380";"Avenida Almirante Tamandaré";-22,95536;-43,0765068;6,9;21;"3303302"
"RJ";"Niterói";"Itaipu";"24355110";"Rua Rouxinol";-22,9394868;-43,045757;15,3;21;"3303302"
"RJ";"Niterói";"Itaipu";"24355120";"Rua dos Pavões";-22,9390326;-43,0447908;15,6;21;"3303302"
"RJ";"Niterói";"Itaipu";"24358050";"Rua Doutor Jayme Bittencourt";-22,962089;-43,0522497;15,4;21;"3303302"
"RJ";"Niterói";"Piratininga";"24358150";"Rua Doutor João Batista Lacerda Botelho";-22,9521798;-43,095937;8,7;21;"3303302"
"RJ";"Niterói";"Piratininga";"24358160";"Rua Doutor João Valentim Tavares";-22,9530689;-43,084599;12;21;"3303302"
"RJ";"Niterói";"Piratininga";"24358310";"Praia Piratininga";-22,9530292;-43,0981076;5,8;21;"3303302"
"RJ";"Niterói";"Piratininga";"24358340";"Rua General Rubens Rosado Teixeira";-22,9528434;-43,0952951;9,8;21;"3303302"
"RJ";"Niterói";"Piratininga";"24358390";"Rua Comendador Manuel de Azevedo Falcão";-22,9519879;-43,0866414;11;21;"3303302"
"RJ";"Niterói";"Piratininga";"24358405";"Rua Marechal Raul de Albuquerque";-22,9561615;-43,0677868;47,1;21;"3303302"
"RJ";"Niterói";"Marazul";"24358430";"Rua Celso Dias Gomes";-22,9514292;-43,0915917;8,9;21;"3303302"
"RJ";"Niterói";"Marazul";"24358550";"Rua Doutor Antônio Vaz Cavalcante";-22,9538481;-43,0804692;10;21;"3303302"
"RJ";"Niterói";"Camboinhas";"24358580";"Avenida Professor Florestan Fernandes";-22,9565801;-43,0525653;9;21;"3303302"
"RJ";"Niterói";"São Francisco";"24360022";"Avenida Quintino Bocaiúva";-22,9172755;-43,0902716;9,4;21;"3303302"
"RJ";"Niterói";"Charitas";"24360030";"Avenida Prefeito Sylvio Picanço";-22,9335099;-43,0994558;8,2;21;"3303302"
"RJ";"Niterói";"São Francisco";"24360410";"Rua Murilo Portugal";-22,9233291;-43,0929817;9;21;"3303302"
"RJ";"Niterói";"São Francisco";"24360440";"Avenida Rui Barbosa";-22,9172755;-43,0902716;9,4;21;"3303302"
"RJ";"Niterói";"São Francisco";"24360500";"Rua Doutor Oliveira Botelho";-22,918275;-43,085634;14,7;21;"3303302"
"RJ";"Niterói";"Charitas";"24370020";"Rua Juiz Alberto Nader";-22,9259136;-43,0938821;14,5;21;"3303302"
"RJ";"Niterói";"Charitas";"24370040";"Rua Leonel Magalhães";-22,9271851;-43,0945852;10,9;21;"3303302"
"RJ";"Niterói";"Charitas";"24370090";"Rua Eurico Manoel do Carmo";-22,9269798;-43,0945083;11,5;21;"3303302"
"RJ";"Niterói";"Charitas";"24370100";"Rua Doutor Joaquim Peixoto";-22,9275786;-43,0938934;16,2;21;"3303302"
"RJ";"Niterói";"Charitas";"24370110";"Rua Doutor Armando Lopes";-22,928691;-43,0945991;19,9;21;"3303302"
"RJ";"São Gonçalo";"Maria Paula";"24756660";"Avenida da Abdias José dos Santos";-22,8797238;-43,0212039;41,4;21;"3304904"
